-- phpMyAdmin SQL Dump
-- version 4.7.7
-- https://www.phpmyadmin.net/
--
-- Host: localhost:3306
-- Generation Time: Nov 30, 2018 at 11:30 PM
-- Server version: 5.6.41-84.1
-- PHP Version: 5.6.30

SET SQL_MODE = "NO_AUTO_VALUE_ON_ZERO";
SET AUTOCOMMIT = 0;
START TRANSACTION;
SET time_zone = "+00:00";


/*!40101 SET @OLD_CHARACTER_SET_CLIENT=@@CHARACTER_SET_CLIENT */;
/*!40101 SET @OLD_CHARACTER_SET_RESULTS=@@CHARACTER_SET_RESULTS */;
/*!40101 SET @OLD_COLLATION_CONNECTION=@@COLLATION_CONNECTION */;
/*!40101 SET NAMES utf8mb4 */;

--
-- Database: `serendi6_sdc_db`
--

-- --------------------------------------------------------

--
-- Table structure for table `activations`
--

CREATE TABLE `activations` (
  `id` int(10) UNSIGNED NOT NULL,
  `user_id` int(10) UNSIGNED NOT NULL,
  `code` varchar(255) COLLATE utf8_unicode_ci NOT NULL,
  `completed` tinyint(1) NOT NULL DEFAULT '0',
  `completed_at` timestamp NULL DEFAULT NULL,
  `created_at` timestamp NULL DEFAULT NULL,
  `updated_at` timestamp NULL DEFAULT NULL
) ENGINE=InnoDB DEFAULT CHARSET=utf8 COLLATE=utf8_unicode_ci;

--
-- Dumping data for table `activations`
--

INSERT INTO `activations` (`id`, `user_id`, `code`, `completed`, `completed_at`, `created_at`, `updated_at`) VALUES
(1, 1, 'RCsr7Qt1bBMqFwlW4bBVvtu02UBBQ0hr', 1, '2015-07-11 17:39:31', '2015-07-11 17:39:31', '2015-07-11 17:39:31'),
(5, 7, 'KB71pV1DYudR9TzPPQnGxRXQBoo7jV0E', 1, '2016-01-07 06:05:57', '2016-01-07 06:05:57', '2016-01-07 06:05:57'),
(8, 10, 'Bs5wlBYLO997Z8lcLpO19pj40fx2qVuV', 1, '2016-01-08 06:50:38', '2016-01-08 06:50:38', '2016-01-08 06:50:38'),
(9, 11, '0dsYg0Ft0IZFKMP7qIs1nbpK0f8gif6y', 1, '2016-01-08 07:18:38', '2016-01-08 07:18:38', '2016-01-08 07:18:38'),
(10, 12, 'yfD7K4mMa3eend4vvBBPNVbyFeX3UGZF', 1, '2016-01-08 07:27:38', '2016-01-08 07:27:38', '2016-01-08 07:27:38'),
(14, 9, 'i7J1jS1CbeCsMb40JdWwQLSFfoOWdngc', 1, '2017-01-23 19:35:39', '2017-01-23 19:35:39', '2017-01-23 19:35:39'),
(15, 10, '8eiPuz7KrCZXYjiMEY1wmkLuPbmMrSwI', 1, '2017-12-28 02:40:24', '2017-12-28 02:40:24', '2017-12-28 02:40:24'),
(16, 11, 'htzbXZnJuH098fhWA5e8V5QLberPA1IA', 1, '2018-01-08 02:48:27', '2018-01-08 02:48:27', '2018-01-08 02:48:27'),
(18, 12, 'PnJ03QoBnJMegHXmGCXh6bcoXArycqr5', 1, '2018-01-30 04:45:58', '2018-01-30 04:45:58', '2018-01-30 04:45:58'),
(20, 15, 'ivsgJeobsGYHI1oHtQo5oTzkBOb6A9WL', 1, '2018-02-01 17:14:24', '2018-02-01 17:14:24', '2018-02-01 17:14:24'),
(21, 17, 'jDkUMCYv0VpNfdrlsxKEFa2wCI78R7DP', 1, '2018-02-01 17:15:53', '2018-02-01 17:15:53', '2018-02-01 17:15:53'),
(22, 18, 'WCbfDN6mTvtTfu2DHELZfkgDgd7B6phA', 1, '2018-02-01 17:28:20', '2018-02-01 17:28:20', '2018-02-01 17:28:20'),
(23, 19, 'RYh4C97v7B33siSZNyEiIssiaEYJABrL', 1, '2018-02-08 04:03:02', '2018-02-08 04:03:02', '2018-02-08 04:03:02'),
(24, 22, '4348c3Ic0jpsgNIEefnYCV63duaZSg7h', 1, '2018-02-22 00:28:03', '2018-02-22 00:28:03', '2018-02-22 00:28:03'),
(25, 23, 'peX1noTVzdJ6J8tmqW0zjw8KQSCHTyu2', 1, '2018-02-27 03:47:22', '2018-02-27 03:47:22', '2018-02-27 03:47:22'),
(26, 24, 'z2epl8Kt4TueSiYFItM28FsfPniUNghO', 1, '2018-02-27 03:52:36', '2018-02-27 03:52:36', '2018-02-27 03:52:36'),
(27, 26, 'n3p2GaPvZy8jmcZlDsRQi8zkOpoPjsA6', 1, '2018-02-27 03:54:22', '2018-02-27 03:54:22', '2018-02-27 03:54:22'),
(28, 27, 'sz7dMXWrcgPqP6g2rfzAmx0EU9cVEOGk', 1, '2018-03-03 09:30:19', '2018-03-03 09:30:19', '2018-03-03 09:30:19'),
(29, 29, 'xVCqM5zHberJ9cmzqbtbY40Ei4t5fanC', 1, '2018-03-19 07:20:18', '2018-03-19 07:20:18', '2018-03-19 07:20:18'),
(30, 30, 'jaP1CVT0kBiDIMtelRqCXgjmkVuA4fs7', 1, '2018-04-23 02:27:07', '2018-04-23 02:27:07', '2018-04-23 02:27:07'),
(31, 34, 'EFtLa51MamU7mpA9NjGCG0S7DXTg7f3H', 1, '2018-05-11 04:51:10', '2018-05-11 04:51:10', '2018-05-11 04:51:10'),
(32, 36, 'bz9PPiM2FvBoKC1NTaPz7JMJSC9WQAfK', 1, '2018-05-11 05:10:13', '2018-05-11 05:10:13', '2018-05-11 05:10:13'),
(33, 37, 'AnaemhMJbnHtXghEZV3NTOGWalkYwfQh', 1, '2018-09-21 01:50:18', '2018-09-21 01:50:18', '2018-09-21 01:50:18'),
(34, 38, '5IhDBEb4kbQPFiPyUdVhPQAAWOMqUqMI', 1, '2018-10-14 17:02:56', '2018-10-14 17:02:54', '2018-10-14 17:02:56'),
(35, 39, 'h5SfxT8T9zMmj5d7yJ87DloF4SFI7MvS', 1, '2018-11-05 07:21:55', '2018-11-05 07:21:55', '2018-11-05 07:21:55'),
(36, 40, 'PYOOx5bQ12J9o7xHxVYgTqJ69h6bNdds', 1, '2018-11-06 05:17:14', '2018-11-06 05:17:14', '2018-11-06 05:17:14'),
(37, 41, 'qUX6E17EFtOGWk6iZD7zRtCLQs4HDbTF', 1, '2018-11-07 18:59:41', '2018-11-07 18:59:41', '2018-11-07 18:59:41'),
(38, 42, '1BovrzuShZmBUI1qRQI8B6CKOVzlecP3', 1, '2018-11-07 19:09:23', '2018-11-07 19:09:23', '2018-11-07 19:09:23'),
(39, 43, 'Bj27yAqKAjANxkBgRPV59PG0xCIgw3Av', 1, '2018-11-07 19:12:32', '2018-11-07 19:12:32', '2018-11-07 19:12:32'),
(40, 44, 'G0WO5d27CuA5IdegSErgS85iYjsR1qOJ', 1, '2018-11-07 19:43:25', '2018-11-07 19:43:25', '2018-11-07 19:43:25'),
(41, 45, 'oOtilQtRiQkrcO9dg4WdXajh9nkxywWA', 1, '2018-11-07 21:32:05', '2018-11-07 21:32:05', '2018-11-07 21:32:05'),
(42, 46, 'gTqNuLqg0ckhk2hJyE48oCTwa0rCveWD', 1, '2018-11-07 22:15:53', '2018-11-07 22:15:53', '2018-11-07 22:15:53'),
(43, 47, 'ntaWOu3UBKjIBjjy2rRBUhhoOZJ2Ad1P', 1, '2018-11-08 06:13:22', '2018-11-08 06:13:22', '2018-11-08 06:13:22'),
(44, 48, 'jUiQvmOc9cEESrd6zJvomd3JhD1XWk47', 1, '2018-11-22 01:10:32', '2018-11-22 01:10:32', '2018-11-22 01:10:32');

-- --------------------------------------------------------

--
-- Table structure for table `animation_type`
--

CREATE TABLE `animation_type` (
  `animation_type_id` int(11) NOT NULL,
  `type` varchar(255) COLLATE utf8_unicode_ci DEFAULT NULL,
  `description` varchar(255) COLLATE utf8_unicode_ci DEFAULT NULL,
  `status` int(11) NOT NULL DEFAULT '0',
  `created_at` timestamp NOT NULL DEFAULT '0000-00-00 00:00:00',
  `updated_at` timestamp NOT NULL DEFAULT '0000-00-00 00:00:00',
  `css_class` varchar(255) COLLATE utf8_unicode_ci NOT NULL
) ENGINE=InnoDB DEFAULT CHARSET=utf8 COLLATE=utf8_unicode_ci;

--
-- Dumping data for table `animation_type`
--

INSERT INTO `animation_type` (`animation_type_id`, `type`, `description`, `status`, `created_at`, `updated_at`, `css_class`) VALUES
(1, 'Slide from Left', NULL, 1, '0000-00-00 00:00:00', '0000-00-00 00:00:00', 'FromLeft'),
(2, 'Slide from Right', NULL, 1, '0000-00-00 00:00:00', '0000-00-00 00:00:00', 'FromRight'),
(3, 'Slide from Top', NULL, 1, '0000-00-00 00:00:00', '0000-00-00 00:00:00', 'FromTop'),
(4, 'Slide from Bottom', NULL, 1, '0000-00-00 00:00:00', '0000-00-00 00:00:00', 'FromBottom');

-- --------------------------------------------------------

--
-- Table structure for table `cake_type`
--

CREATE TABLE `cake_type` (
  `cake_type_id` int(11) NOT NULL,
  `type` text,
  `status` int(11) NOT NULL DEFAULT '1',
  `created_at` timestamp NOT NULL DEFAULT CURRENT_TIMESTAMP,
  `updated_at` timestamp NOT NULL DEFAULT CURRENT_TIMESTAMP
) ENGINE=InnoDB DEFAULT CHARSET=latin1;

--
-- Dumping data for table `cake_type`
--

INSERT INTO `cake_type` (`cake_type_id`, `type`, `status`, `created_at`, `updated_at`) VALUES
(1, 'Wedding Cake', 1, '2018-02-13 06:11:10', '2018-02-13 06:11:10'),
(2, 'Birthday Cake', 1, '2018-02-13 06:11:18', '2018-02-13 06:11:18'),
(3, 'Other Cake', 1, '2018-02-13 06:11:34', '2018-02-13 06:11:34');

-- --------------------------------------------------------

--
-- Table structure for table `config`
--

CREATE TABLE `config` (
  `id` int(11) NOT NULL,
  `company_name` varchar(255) COLLATE utf8_unicode_ci DEFAULT NULL,
  `zip` varchar(255) COLLATE utf8_unicode_ci DEFAULT NULL,
  `email` varchar(255) COLLATE utf8_unicode_ci DEFAULT NULL,
  `phone` varchar(255) COLLATE utf8_unicode_ci DEFAULT NULL,
  `location` varchar(255) COLLATE utf8_unicode_ci DEFAULT NULL,
  `background_image` varchar(255) COLLATE utf8_unicode_ci DEFAULT NULL,
  `fb` varchar(255) COLLATE utf8_unicode_ci DEFAULT NULL,
  `fb_api` varchar(255) COLLATE utf8_unicode_ci DEFAULT NULL,
  `instagram` varchar(255) COLLATE utf8_unicode_ci DEFAULT NULL,
  `youtube` varchar(255) COLLATE utf8_unicode_ci DEFAULT NULL,
  `tasting_days` varchar(255) COLLATE utf8_unicode_ci DEFAULT NULL,
  `tasting_err` varchar(255) COLLATE utf8_unicode_ci DEFAULT NULL,
  `qoute_days` varchar(255) COLLATE utf8_unicode_ci DEFAULT NULL,
  `qoute_err` varchar(255) COLLATE utf8_unicode_ci DEFAULT NULL,
  `working_time` varchar(255) COLLATE utf8_unicode_ci DEFAULT NULL,
  `google_api` varchar(255) COLLATE utf8_unicode_ci DEFAULT NULL,
  `status` int(11) NOT NULL DEFAULT '1',
  `created_at` timestamp NOT NULL DEFAULT '0000-00-00 00:00:00',
  `updated_at` timestamp NOT NULL DEFAULT '0000-00-00 00:00:00',
  `twitter` text COLLATE utf8_unicode_ci,
  `tasting_success` text COLLATE utf8_unicode_ci
) ENGINE=InnoDB DEFAULT CHARSET=utf8 COLLATE=utf8_unicode_ci;

--
-- Dumping data for table `config`
--

INSERT INTO `config` (`id`, `company_name`, `zip`, `email`, `phone`, `location`, `background_image`, `fb`, `fb_api`, `instagram`, `youtube`, `tasting_days`, `tasting_err`, `qoute_days`, `qoute_err`, `working_time`, `google_api`, `status`, `created_at`, `updated_at`, `twitter`, `tasting_success`) VALUES
(1, 'Sweet Delights Cakery', '48324', 'info@sweetdelightscakery.com', '(248) 787-7766', '<p>1755 Poppleton Drive</p>\r\n<p>West Bloomfield, MI 48324</p>', NULL, 'https://www.facebook.com/sdcakery/', NULL, 'https://www.instagram.com/sd_cakery/', 'http://www.youtube.com/user/SweetDelightsCakery', '60', 'Sorry, we\'re not available on your date. Please try again another date', '60', 'Sorry, we’re not available for that date!', '', NULL, 1, '0000-00-00 00:00:00', '2018-11-19 16:55:49', 'https://twitter.com/sd_cakery', '');

-- --------------------------------------------------------

--
-- Table structure for table `countries`
--

CREATE TABLE `countries` (
  `id` int(10) UNSIGNED NOT NULL,
  `name` varchar(255) COLLATE utf8_unicode_ci NOT NULL,
  `usps_domestic_rate` int(11) NOT NULL DEFAULT '0',
  `zip` varchar(255) COLLATE utf8_unicode_ci NOT NULL,
  `price` varchar(255) COLLATE utf8_unicode_ci NOT NULL,
  `created_at` timestamp NOT NULL DEFAULT '0000-00-00 00:00:00',
  `updated_at` timestamp NOT NULL DEFAULT '0000-00-00 00:00:00'
) ENGINE=InnoDB DEFAULT CHARSET=utf8 COLLATE=utf8_unicode_ci;

--
-- Dumping data for table `countries`
--

INSERT INTO `countries` (`id`, `name`, `usps_domestic_rate`, `zip`, `price`, `created_at`, `updated_at`) VALUES
(1, 'Sri Lanka', 0, '+0094', '165', '2017-12-24 23:12:36', '2017-12-24 23:12:36'),
(2, 'India', 0, '+93', '1', '2018-01-12 01:57:16', '2018-01-12 01:57:16'),
(3, 'America', 1, '', '20', '2018-05-08 06:00:00', '0000-00-00 00:00:00');

-- --------------------------------------------------------

--
-- Table structure for table `coupons`
--

CREATE TABLE `coupons` (
  `id` int(11) NOT NULL,
  `name` varchar(255) NOT NULL,
  `no_of_coupons` int(11) NOT NULL,
  `value` double NOT NULL,
  `start_date` date NOT NULL,
  `end_date` date NOT NULL,
  `created_at` timestamp NOT NULL DEFAULT CURRENT_TIMESTAMP ON UPDATE CURRENT_TIMESTAMP,
  `updated_at` timestamp NOT NULL DEFAULT '0000-00-00 00:00:00'
) ENGINE=MyISAM DEFAULT CHARSET=latin1;

-- --------------------------------------------------------

--
-- Table structure for table `coupon_items`
--

CREATE TABLE `coupon_items` (
  `id` int(10) UNSIGNED NOT NULL,
  `code` text COLLATE utf8_unicode_ci NOT NULL,
  `coupon_id` int(11) NOT NULL,
  `status` tinyint(1) NOT NULL DEFAULT '0',
  `created_at` timestamp NOT NULL DEFAULT '0000-00-00 00:00:00',
  `updated_at` timestamp NOT NULL DEFAULT '0000-00-00 00:00:00'
) ENGINE=InnoDB DEFAULT CHARSET=utf8 COLLATE=utf8_unicode_ci;

-- --------------------------------------------------------

--
-- Table structure for table `fonts-list`
--

CREATE TABLE `fonts-list` (
  `id` int(15) NOT NULL,
  `type` varchar(30) DEFAULT NULL,
  `icon` varchar(30) DEFAULT NULL,
  `unicode` varchar(30) DEFAULT NULL
) ENGINE=InnoDB DEFAULT CHARSET=utf8;

--
-- Dumping data for table `fonts-list`
--

INSERT INTO `fonts-list` (`id`, `type`, `icon`, `unicode`) VALUES
(1, 'fa', 'fa-adjust', '&#xf042;'),
(2, 'fa', 'fa-adn', '&#xf170;'),
(3, 'fa', 'fa-align-center', '&#xf037;'),
(4, 'fa', 'fa-align-justify', '&#xf039;'),
(5, 'fa', 'fa-align-left', '&#xf036;'),
(6, 'fa', 'fa-align-right', '&#xf038;'),
(7, 'fa', 'fa-ambulance', '&#xf0f9;'),
(8, 'fa', 'fa-anchor', '&#xf13d;'),
(9, 'fa', 'fa-android', '&#xf17b;'),
(10, 'fa', 'fa-angellist', '&#xf209;'),
(11, 'fa', 'fa-angle-double-down', '&#xf103;'),
(12, 'fa', 'fa-angle-double-left', '&#xf100;'),
(13, 'fa', 'fa-angle-double-right', '&#xf101;'),
(14, 'fa', 'fa-angle-double-up', '&#xf102;'),
(15, 'fa', 'fa-angle-down', '&#xf107;'),
(16, 'fa', 'fa-angle-left', '&#xf104;'),
(17, 'fa', 'fa-angle-right', '&#xf105;'),
(18, 'fa', 'fa-angle-up', '&#xf106;'),
(19, 'fa', 'fa-apple', '&#xf179;'),
(20, 'fa', 'fa-archive', '&#xf187;'),
(21, 'fa', 'fa-area-chart', '&#xf1fe;'),
(22, 'fa', 'fa-arrow-circle-down', '&#xf0ab;'),
(23, 'fa', 'fa-arrow-circle-left', '&#xf0a8;'),
(24, 'fa', 'fa-arrow-circle-o-down', '&#xf01a;'),
(25, 'fa', 'fa-arrow-circle-o-left', '&#xf190;'),
(26, 'fa', 'fa-arrow-circle-o-right', '&#xf18e;'),
(27, 'fa', 'fa-arrow-circle-o-up', '&#xf01b;'),
(28, 'fa', 'fa-arrow-circle-right', '&#xf0a9;'),
(29, 'fa', 'fa-arrow-circle-up', '&#xf0aa;'),
(30, 'fa', 'fa-arrow-down', '&#xf063;'),
(31, 'fa', 'fa-arrow-left', '&#xf060;'),
(32, 'fa', 'fa-arrow-right', '&#xf061;'),
(33, 'fa', 'fa-arrow-up', '&#xf062;'),
(34, 'fa', 'fa-arrows', '&#xf047;'),
(35, 'fa', 'fa-arrows-alt', '&#xf0b2;'),
(36, 'fa', 'fa-arrows-h', '&#xf07e;'),
(37, 'fa', 'fa-arrows-v', '&#xf07d;'),
(38, 'fa', 'fa-asterisk', '&#xf069;'),
(39, 'fa', 'fa-at', '&#xf1fa;'),
(40, 'fa', 'fa-automobile(alias)', '&#xf1b9;'),
(41, 'fa', 'fa-backward', '&#xf04a;'),
(42, 'fa', 'fa-ban', '&#xf05e;'),
(43, 'fa', 'fa-bank(alias)', '&#xf19c;'),
(44, 'fa', 'fa-bar-chart', '&#xf080;'),
(45, 'fa', 'fa-bar-chart-o(alias)', '&#xf080;'),
(46, 'fa', 'fa-barcode', '&#xf02a;'),
(47, 'fa', 'fa-bars', '&#xf0c9;'),
(48, 'fa', 'fa-bed', '&#xf236;'),
(49, 'fa', 'fa-beer', '&#xf0fc;'),
(50, 'fa', 'fa-behance', '&#xf1b4;'),
(51, 'fa', 'fa-behance-square', '&#xf1b5;'),
(52, 'fa', 'fa-bell', '&#xf0f3;'),
(53, 'fa', 'fa-bell-o', '&#xf0a2;'),
(54, 'fa', 'fa-bell-slash', '&#xf1f6;'),
(55, 'fa', 'fa-bell-slash-o', '&#xf1f7;'),
(56, 'fa', 'fa-bicycle', '&#xf206;'),
(57, 'fa', 'fa-binoculars', '&#xf1e5;'),
(58, 'fa', 'fa-birthday-cake', '&#xf1fd;'),
(59, 'fa', 'fa-bitbucket', '&#xf171;'),
(60, 'fa', 'fa-bitbucket-square', '&#xf172;'),
(61, 'fa', 'fa-bitcoin(alias)', '&#xf15a;'),
(62, 'fa', 'fa-bold', '&#xf032;'),
(63, 'fa', 'fa-bolt', '&#xf0e7;'),
(64, 'fa', 'fa-bomb', '&#xf1e2;'),
(65, 'fa', 'fa-book', '&#xf02d;'),
(66, 'fa', 'fa-bookmark', '&#xf02e;'),
(67, 'fa', 'fa-bookmark-o', '&#xf097;'),
(68, 'fa', 'fa-briefcase', '&#xf0b1;'),
(69, 'fa', 'fa-btc', '&#xf15a;'),
(70, 'fa', 'fa-bug', '&#xf188;'),
(71, 'fa', 'fa-building', '&#xf1ad;'),
(72, 'fa', 'fa-building-o', '&#xf0f7;'),
(73, 'fa', 'fa-bullhorn', '&#xf0a1;'),
(74, 'fa', 'fa-bullseye', '&#xf140;'),
(75, 'fa', 'fa-bus', '&#xf207;'),
(76, 'fa', 'fa-buysellads', NULL),
(77, 'fa', 'fa-cab(alias)', NULL),
(78, 'fa', 'fa-calculator', NULL),
(79, 'fa', 'fa-calendar', NULL),
(80, 'fa', 'fa-calendar-o', NULL),
(81, 'fa', 'fa-camera', NULL),
(82, 'fa', 'fa-camera-retro', NULL),
(83, 'fa', 'fa-car', NULL),
(84, 'fa', 'fa-caret-down', NULL),
(85, 'fa', 'fa-caret-left', NULL),
(86, 'fa', 'fa-caret-right', NULL),
(87, 'fa', 'fa-caret-square-o-down', NULL),
(88, 'fa', 'fa-caret-square-o-left', NULL),
(89, 'fa', 'fa-caret-square-o-right', NULL),
(90, 'fa', 'fa-caret-square-o-up', NULL),
(91, 'fa', 'fa-caret-up', NULL),
(92, 'fa', 'fa-cart-arrow-down', NULL),
(93, 'fa', 'fa-cart-plus', NULL),
(94, 'fa', 'fa-cc', NULL),
(95, 'fa', 'fa-cc-amex', NULL),
(96, 'fa', 'fa-cc-discover', NULL),
(97, 'fa', 'fa-cc-mastercard', NULL),
(98, 'fa', 'fa-cc-paypal', NULL),
(99, 'fa', 'fa-cc-stripe', NULL),
(100, 'fa', 'fa-cc-visa', NULL),
(101, 'fa', 'fa-certificate', NULL),
(102, 'fa', 'fa-chain(alias)', NULL),
(103, 'fa', 'fa-chain-broken', NULL),
(104, 'fa', 'fa-check', NULL),
(105, 'fa', 'fa-check-circle', NULL),
(106, 'fa', 'fa-check-circle-o', NULL),
(107, 'fa', 'fa-check-square', NULL),
(108, 'fa', 'fa-check-square-o', NULL),
(109, 'fa', 'fa-chevron-circle-down', NULL),
(110, 'fa', 'fa-chevron-circle-left', NULL),
(111, 'fa', 'fa-chevron-circle-right', NULL),
(112, 'fa', 'fa-chevron-circle-up', NULL),
(113, 'fa', 'fa-chevron-down', NULL),
(114, 'fa', 'fa-chevron-left', NULL),
(115, 'fa', 'fa-chevron-right', NULL),
(116, 'fa', 'fa-chevron-up', NULL),
(117, 'fa', 'fa-child', NULL),
(118, 'fa', 'fa-circle', NULL),
(119, 'fa', 'fa-circle-o', NULL),
(120, 'fa', 'fa-circle-o-notch', NULL),
(121, 'fa', 'fa-circle-thin', NULL),
(122, 'fa', 'fa-clipboard', NULL),
(123, 'fa', 'fa-clock-o', NULL),
(124, 'fa', 'fa-close(alias)', NULL),
(125, 'fa', 'fa-cloud', NULL),
(126, 'fa', 'fa-cloud-download', NULL),
(127, 'fa', 'fa-cloud-upload', NULL),
(128, 'fa', 'fa-cny(alias)', NULL),
(129, 'fa', 'fa-code', NULL),
(130, 'fa', 'fa-code-fork', NULL),
(131, 'fa', 'fa-codepen', NULL),
(132, 'fa', 'fa-coffee', NULL),
(133, 'fa', 'fa-cog', NULL),
(134, 'fa', 'fa-cogs', NULL),
(135, 'fa', 'fa-columns', NULL),
(136, 'fa', 'fa-comment', NULL),
(137, 'fa', 'fa-comment-o', NULL),
(138, 'fa', 'fa-comments', NULL),
(139, 'fa', 'fa-comments-o', NULL),
(140, 'fa', 'fa-compass', NULL),
(141, 'fa', 'fa-compress', NULL),
(142, 'fa', 'fa-connectdevelop', NULL),
(143, 'fa', 'fa-copy(alias)', NULL),
(144, 'fa', 'fa-copyright', NULL),
(145, 'fa', 'fa-credit-card', NULL),
(146, 'fa', 'fa-crop', NULL),
(147, 'fa', 'fa-crosshairs', NULL),
(148, 'fa', 'fa-css3', NULL),
(149, 'fa', 'fa-cube', NULL),
(150, 'fa', 'fa-cubes', NULL),
(151, 'fa', 'fa-cut(alias)', NULL),
(152, 'fa', 'fa-cutlery', NULL),
(153, 'fa', 'fa-dashboard(alias)', NULL),
(154, 'fa', 'fa-dashcube', NULL),
(155, 'fa', 'fa-database', NULL),
(156, 'fa', 'fa-dedent(alias)', NULL),
(157, 'fa', 'fa-delicious', NULL),
(158, 'fa', 'fa-desktop', NULL),
(159, 'fa', 'fa-deviantart', NULL),
(160, 'fa', 'fa-diamond', NULL),
(161, 'fa', 'fa-digg', NULL),
(162, 'fa', 'fa-dollar(alias)', NULL),
(163, 'fa', 'fa-dot-circle-o', NULL),
(164, 'fa', 'fa-download', NULL),
(165, 'fa', 'fa-dribbble', NULL),
(166, 'fa', 'fa-dropbox', NULL),
(167, 'fa', 'fa-drupal', NULL),
(168, 'fa', 'fa-edit(alias)', NULL),
(169, 'fa', 'fa-eject', NULL),
(170, 'fa', 'fa-ellipsis-h', NULL),
(171, 'fa', 'fa-ellipsis-v', NULL),
(172, 'fa', 'fa-empire', NULL),
(173, 'fa', 'fa-envelope', NULL),
(174, 'fa', 'fa-envelope-o', NULL),
(175, 'fa', 'fa-envelope-square', NULL),
(176, 'fa', 'fa-eraser', NULL),
(177, 'fa', 'fa-eur', NULL),
(178, 'fa', 'fa-euro(alias)', NULL),
(179, 'fa', 'fa-exchange', NULL),
(180, 'fa', 'fa-exclamation', NULL),
(181, 'fa', 'fa-exclamation-circle', NULL),
(182, 'fa', 'fa-exclamation-triangle', NULL),
(183, 'fa', 'fa-expand', NULL),
(184, 'fa', 'fa-external-link', NULL),
(185, 'fa', 'fa-external-link-square', NULL),
(186, 'fa', 'fa-eye', NULL),
(187, 'fa', 'fa-eye-slash', NULL),
(188, 'fa', 'fa-eyedropper', NULL),
(189, 'fa', 'fa-facebook', NULL),
(190, 'fa', 'fa-facebook-f(alias)', NULL),
(191, 'fa', 'fa-facebook-official', NULL),
(192, 'fa', 'fa-facebook-square', NULL),
(193, 'fa', 'fa-fast-backward', NULL),
(194, 'fa', 'fa-fast-forward', NULL),
(195, 'fa', 'fa-fax', NULL),
(196, 'fa', 'fa-female', NULL),
(197, 'fa', 'fa-fighter-jet', NULL),
(198, 'fa', 'fa-file', NULL),
(199, 'fa', 'fa-file-archive-o', NULL),
(200, 'fa', 'fa-file-audio-o', NULL),
(201, 'fa', 'fa-file-code-o', NULL),
(202, 'fa', 'fa-file-excel-o', NULL),
(203, 'fa', 'fa-file-image-o', NULL),
(204, 'fa', 'fa-file-movie-o(alias)', NULL),
(205, 'fa', 'fa-file-o', NULL),
(206, 'fa', 'fa-file-pdf-o', NULL),
(207, 'fa', 'fa-file-photo-o(alias)', NULL),
(208, 'fa', 'fa-file-picture-o(alias)', NULL),
(209, 'fa', 'fa-file-powerpoint-o', NULL),
(210, 'fa', 'fa-file-sound-o(alias)', NULL),
(211, 'fa', 'fa-file-text', NULL),
(212, 'fa', 'fa-file-text-o', NULL),
(213, 'fa', 'fa-file-video-o', NULL),
(214, 'fa', 'fa-file-word-o', NULL),
(215, 'fa', 'fa-file-zip-o(alias)', NULL),
(216, 'fa', 'fa-files-o', NULL),
(217, 'fa', 'fa-film', NULL),
(218, 'fa', 'fa-filter', NULL),
(219, 'fa', 'fa-fire', NULL),
(220, 'fa', 'fa-fire-extinguisher', NULL),
(221, 'fa', 'fa-flag', NULL),
(222, 'fa', 'fa-flag-checkered', NULL),
(223, 'fa', 'fa-flag-o', NULL),
(224, 'fa', 'fa-flash(alias)', NULL),
(225, 'fa', 'fa-flask', NULL),
(226, 'fa', 'fa-flickr', NULL),
(227, 'fa', 'fa-floppy-o', NULL),
(228, 'fa', 'fa-folder', NULL),
(229, 'fa', 'fa-folder-o', NULL),
(230, 'fa', 'fa-folder-open', NULL),
(231, 'fa', 'fa-folder-open-o', NULL),
(232, 'fa', 'fa-font', NULL),
(233, 'fa', 'fa-forumbee', NULL),
(234, 'fa', 'fa-forward', NULL),
(235, 'fa', 'fa-foursquare', NULL),
(236, 'fa', 'fa-frown-o', NULL),
(237, 'fa', 'fa-futbol-o', NULL),
(238, 'fa', 'fa-gamepad', NULL),
(239, 'fa', 'fa-gavel', NULL),
(240, 'fa', 'fa-gbp', NULL),
(241, 'fa', 'fa-ge(alias)', NULL),
(242, 'fa', 'fa-gear(alias)', NULL),
(243, 'fa', 'fa-gears(alias)', NULL),
(244, 'fa', 'fa-genderless(alias)', NULL),
(245, 'fa', 'fa-gift', NULL),
(246, 'fa', 'fa-git', NULL),
(247, 'fa', 'fa-git-square', NULL),
(248, 'fa', 'fa-github', NULL),
(249, 'fa', 'fa-github-alt', NULL),
(250, 'fa', 'fa-github-square', NULL),
(251, 'fa', 'fa-gittip(alias)', NULL),
(252, 'fa', 'fa-glass', NULL),
(253, 'fa', 'fa-globe', NULL),
(254, 'fa', 'fa-google', NULL),
(255, 'fa', 'fa-google-plus', NULL),
(256, 'fa', 'fa-google-plus-square', NULL),
(257, 'fa', 'fa-google-wallet', NULL),
(258, 'fa', 'fa-graduation-cap', NULL),
(259, 'fa', 'fa-gratipay', NULL),
(260, 'fa', 'fa-group(alias)', NULL),
(261, 'fa', 'fa-h-square', NULL),
(262, 'fa', 'fa-hacker-news', NULL),
(263, 'fa', 'fa-hand-o-down', NULL),
(264, 'fa', 'fa-hand-o-left', NULL),
(265, 'fa', 'fa-hand-o-right', NULL),
(266, 'fa', 'fa-hand-o-up', NULL),
(267, 'fa', 'fa-hdd-o', NULL),
(268, 'fa', 'fa-header', NULL),
(269, 'fa', 'fa-headphones', NULL),
(270, 'fa', 'fa-heart', NULL),
(271, 'fa', 'fa-heart-o', NULL),
(272, 'fa', 'fa-heartbeat', NULL),
(273, 'fa', 'fa-history', NULL),
(274, 'fa', 'fa-home', NULL),
(275, 'fa', 'fa-hospital-o', NULL),
(276, 'fa', 'fa-hotel(alias)', NULL),
(277, 'fa', 'fa-html5', NULL),
(278, 'fa', 'fa-ils', NULL),
(279, 'fa', 'fa-image(alias)', NULL),
(280, 'fa', 'fa-inbox', NULL),
(281, 'fa', 'fa-indent', NULL),
(282, 'fa', 'fa-info', NULL),
(283, 'fa', 'fa-info-circle', NULL),
(284, 'fa', 'fa-inr', NULL),
(285, 'fa', 'fa-instagram', NULL),
(286, 'fa', 'fa-institution(alias)', NULL),
(287, 'fa', 'fa-ioxhost', NULL),
(288, 'fa', 'fa-italic', NULL),
(289, 'fa', 'fa-joomla', NULL),
(290, 'fa', 'fa-jpy', NULL),
(291, 'fa', 'fa-jsfiddle', NULL),
(292, 'fa', 'fa-key', NULL),
(293, 'fa', 'fa-keyboard-o', NULL),
(294, 'fa', 'fa-krw', NULL),
(295, 'fa', 'fa-language', NULL),
(296, 'fa', 'fa-laptop', NULL),
(297, 'fa', 'fa-lastfm', NULL),
(298, 'fa', 'fa-lastfm-square', NULL),
(299, 'fa', 'fa-leaf', NULL),
(300, 'fa', 'fa-leanpub', NULL),
(301, 'fa', 'fa-legal(alias)', NULL),
(302, 'fa', 'fa-lemon-o', NULL),
(303, 'fa', 'fa-level-down', NULL),
(304, 'fa', 'fa-level-up', NULL),
(305, 'fa', 'fa-life-bouy(alias)', NULL),
(306, 'fa', 'fa-life-buoy(alias)', NULL),
(307, 'fa', 'fa-life-ring', NULL),
(308, 'fa', 'fa-life-saver(alias)', NULL),
(309, 'fa', 'fa-lightbulb-o', NULL),
(310, 'fa', 'fa-line-chart', NULL),
(311, 'fa', 'fa-link', NULL),
(312, 'fa', 'fa-linkedin', NULL),
(313, 'fa', 'fa-linkedin-square', NULL),
(314, 'fa', 'fa-linux', NULL),
(315, 'fa', 'fa-list', NULL),
(316, 'fa', 'fa-list-alt', NULL),
(317, 'fa', 'fa-list-ol', NULL),
(318, 'fa', 'fa-list-ul', NULL),
(319, 'fa', 'fa-location-arrow', NULL),
(320, 'fa', 'fa-lock', NULL),
(321, 'fa', 'fa-long-arrow-down', NULL),
(322, 'fa', 'fa-long-arrow-left', NULL),
(323, 'fa', 'fa-long-arrow-right', NULL),
(324, 'fa', 'fa-long-arrow-up', NULL),
(325, 'fa', 'fa-magic', NULL),
(326, 'fa', 'fa-magnet', NULL),
(327, 'fa', 'fa-mail-forward(alias)', NULL),
(328, 'fa', 'fa-mail-reply(alias)', NULL),
(329, 'fa', 'fa-mail-reply-all(alias)', NULL),
(330, 'fa', 'fa-male', NULL),
(331, 'fa', 'fa-map-marker', NULL),
(332, 'fa', 'fa-mars', NULL),
(333, 'fa', 'fa-mars-double', NULL),
(334, 'fa', 'fa-mars-stroke', NULL),
(335, 'fa', 'fa-mars-stroke-h', NULL),
(336, 'fa', 'fa-mars-stroke-v', NULL),
(337, 'fa', 'fa-maxcdn', NULL),
(338, 'fa', 'fa-meanpath', NULL),
(339, 'fa', 'fa-medium', NULL),
(340, 'fa', 'fa-medkit', NULL),
(341, 'fa', 'fa-meh-o', NULL),
(342, 'fa', 'fa-mercury', NULL),
(343, 'fa', 'fa-microphone', NULL),
(344, 'fa', 'fa-microphone-slash', NULL),
(345, 'fa', 'fa-minus', NULL),
(346, 'fa', 'fa-minus-circle', NULL),
(347, 'fa', 'fa-minus-square', NULL),
(348, 'fa', 'fa-minus-square-o', NULL),
(349, 'fa', 'fa-mobile', NULL),
(350, 'fa', 'fa-mobile-phone(alias)', NULL),
(351, 'fa', 'fa-money', NULL),
(352, 'fa', 'fa-moon-o', NULL),
(353, 'fa', 'fa-mortar-board(alias)', NULL),
(354, 'fa', 'fa-motorcycle', NULL),
(355, 'fa', 'fa-music', NULL),
(356, 'fa', 'fa-navicon(alias)', NULL),
(357, 'fa', 'fa-neuter', NULL),
(358, 'fa', 'fa-newspaper-o', NULL),
(359, 'fa', 'fa-openid', NULL),
(360, 'fa', 'fa-outdent', NULL),
(361, 'fa', 'fa-pagelines', NULL),
(362, 'fa', 'fa-paint-brush', NULL),
(363, 'fa', 'fa-paper-plane', NULL),
(364, 'fa', 'fa-paper-plane-o', NULL),
(365, 'fa', 'fa-paperclip', NULL),
(366, 'fa', 'fa-paragraph', NULL),
(367, 'fa', 'fa-paste(alias)', NULL),
(368, 'fa', 'fa-pause', NULL),
(369, 'fa', 'fa-paw', NULL),
(370, 'fa', 'fa-paypal', NULL),
(371, 'fa', 'fa-pencil', NULL),
(372, 'fa', 'fa-pencil-square', NULL),
(373, 'fa', 'fa-pencil-square-o', NULL),
(374, 'fa', 'fa-phone', NULL),
(375, 'fa', 'fa-phone-square', NULL),
(376, 'fa', 'fa-photo(alias)', NULL),
(377, 'fa', 'fa-picture-o', NULL),
(378, 'fa', 'fa-pie-chart', NULL),
(379, 'fa', 'fa-pied-piper', NULL),
(380, 'fa', 'fa-pied-piper-alt', NULL),
(381, 'fa', 'fa-pinterest', NULL),
(382, 'fa', 'fa-pinterest-p', NULL),
(383, 'fa', 'fa-pinterest-square', NULL),
(384, 'fa', 'fa-plane', NULL),
(385, 'fa', 'fa-play', NULL),
(386, 'fa', 'fa-play-circle', NULL),
(387, 'fa', 'fa-play-circle-o', NULL),
(388, 'fa', 'fa-plug', NULL),
(389, 'fa', 'fa-plus', NULL),
(390, 'fa', 'fa-plus-circle', NULL),
(391, 'fa', 'fa-plus-square', NULL),
(392, 'fa', 'fa-plus-square-o', NULL),
(393, 'fa', 'fa-power-off', NULL),
(394, 'fa', 'fa-print', NULL),
(395, 'fa', 'fa-puzzle-piece', NULL),
(396, 'fa', 'fa-qq', NULL),
(397, 'fa', 'fa-qrcode', NULL),
(398, 'fa', 'fa-question', NULL),
(399, 'fa', 'fa-question-circle', NULL),
(400, 'fa', 'fa-quote-left', NULL),
(401, 'fa', 'fa-quote-right', NULL),
(402, 'fa', 'fa-ra(alias)', NULL),
(403, 'fa', 'fa-random', NULL),
(404, 'fa', 'fa-rebel', NULL),
(405, 'fa', 'fa-recycle', NULL),
(406, 'fa', 'fa-reddit', NULL),
(407, 'fa', 'fa-reddit-square', NULL),
(408, 'fa', 'fa-refresh', NULL),
(409, 'fa', 'fa-remove(alias)', NULL),
(410, 'fa', 'fa-renren', NULL),
(411, 'fa', 'fa-reorder(alias)', NULL),
(412, 'fa', 'fa-repeat', NULL),
(413, 'fa', 'fa-reply', NULL),
(414, 'fa', 'fa-reply-all', NULL),
(415, 'fa', 'fa-retweet', NULL),
(416, 'fa', 'fa-rmb(alias)', NULL),
(417, 'fa', 'fa-road', NULL),
(418, 'fa', 'fa-rocket', NULL),
(419, 'fa', 'fa-rotate-left(alias)', NULL),
(420, 'fa', 'fa-rotate-right(alias)', NULL),
(421, 'fa', 'fa-rouble(alias)', NULL),
(422, 'fa', 'fa-rss', NULL),
(423, 'fa', 'fa-rss-square', NULL),
(424, 'fa', 'fa-rub', NULL),
(425, 'fa', 'fa-ruble(alias)', NULL),
(426, 'fa', 'fa-rupee(alias)', NULL),
(427, 'fa', 'fa-save(alias)', NULL),
(428, 'fa', 'fa-scissors', NULL),
(429, 'fa', 'fa-search', NULL),
(430, 'fa', 'fa-search-minus', NULL),
(431, 'fa', 'fa-search-plus', NULL),
(432, 'fa', 'fa-sellsy', NULL),
(433, 'fa', 'fa-send(alias)', NULL),
(434, 'fa', 'fa-send-o(alias)', NULL),
(435, 'fa', 'fa-server', NULL),
(436, 'fa', 'fa-share', NULL),
(437, 'fa', 'fa-share-alt', NULL),
(438, 'fa', 'fa-share-alt-square', NULL),
(439, 'fa', 'fa-share-square', NULL),
(440, 'fa', 'fa-share-square-o', NULL),
(441, 'fa', 'fa-shekel(alias)', NULL),
(442, 'fa', 'fa-sheqel(alias)', NULL),
(443, 'fa', 'fa-shield', NULL),
(444, 'fa', 'fa-ship', NULL),
(445, 'fa', 'fa-shirtsinbulk', NULL),
(446, 'fa', 'fa-shopping-cart', NULL),
(447, 'fa', 'fa-sign-in', NULL),
(448, 'fa', 'fa-sign-out', NULL),
(449, 'fa', 'fa-signal', NULL),
(450, 'fa', 'fa-simplybuilt', NULL),
(451, 'fa', 'fa-sitemap', NULL),
(452, 'fa', 'fa-skyatlas', NULL),
(453, 'fa', 'fa-skype', NULL),
(454, 'fa', 'fa-slack', NULL),
(455, 'fa', 'fa-sliders', NULL),
(456, 'fa', 'fa-slideshare', NULL),
(457, 'fa', 'fa-smile-o', NULL),
(458, 'fa', 'fa-soccer-ball-o(alias)', NULL),
(459, 'fa', 'fa-sort', NULL),
(460, 'fa', 'fa-sort-alpha-asc', NULL),
(461, 'fa', 'fa-sort-alpha-desc', NULL),
(462, 'fa', 'fa-sort-amount-asc', NULL),
(463, 'fa', 'fa-sort-amount-desc', NULL),
(464, 'fa', 'fa-sort-asc', NULL),
(465, 'fa', 'fa-sort-desc', NULL),
(466, 'fa', 'fa-sort-down(alias)', NULL),
(467, 'fa', 'fa-sort-numeric-asc', NULL),
(468, 'fa', 'fa-sort-numeric-desc', NULL),
(469, 'fa', 'fa-sort-up(alias)', NULL),
(470, 'fa', 'fa-soundcloud', NULL),
(471, 'fa', 'fa-space-shuttle', NULL),
(472, 'fa', 'fa-spinner', NULL),
(473, 'fa', 'fa-spoon', NULL),
(474, 'fa', 'fa-spotify', NULL),
(475, 'fa', 'fa-square', NULL),
(476, 'fa', 'fa-square-o', NULL),
(477, 'fa', 'fa-stack-exchange', NULL),
(478, 'fa', 'fa-stack-overflow', NULL),
(479, 'fa', 'fa-star', NULL),
(480, 'fa', 'fa-star-half', NULL),
(481, 'fa', 'fa-star-half-empty(alias)', NULL),
(482, 'fa', 'fa-star-half-full(alias)', NULL),
(483, 'fa', 'fa-star-half-o', NULL),
(484, 'fa', 'fa-star-o', NULL),
(485, 'fa', 'fa-steam', NULL),
(486, 'fa', 'fa-steam-square', NULL),
(487, 'fa', 'fa-step-backward', NULL),
(488, 'fa', 'fa-step-forward', NULL),
(489, 'fa', 'fa-stethoscope', NULL),
(490, 'fa', 'fa-stop', NULL),
(491, 'fa', 'fa-street-view', NULL),
(492, 'fa', 'fa-strikethrough', NULL),
(493, 'fa', 'fa-stumbleupon', NULL),
(494, 'fa', 'fa-stumbleupon-circle', NULL),
(495, 'fa', 'fa-subscript', NULL),
(496, 'fa', 'fa-subway', NULL),
(497, 'fa', 'fa-suitcase', NULL),
(498, 'fa', 'fa-sun-o', NULL),
(499, 'fa', 'fa-superscript', NULL),
(500, 'fa', 'fa-support(alias)', NULL),
(501, 'fa', 'fa-table', NULL),
(502, 'fa', 'fa-tablet', NULL),
(503, 'fa', 'fa-tachometer', NULL),
(504, 'fa', 'fa-tag', NULL),
(505, 'fa', 'fa-tags', NULL),
(506, 'fa', 'fa-tasks', NULL),
(507, 'fa', 'fa-taxi', NULL),
(508, 'fa', 'fa-tencent-weibo', NULL),
(509, 'fa', 'fa-terminal', NULL),
(510, 'fa', 'fa-text-height', NULL),
(511, 'fa', 'fa-text-width', NULL),
(512, 'fa', 'fa-th', NULL),
(513, 'fa', 'fa-th-large', NULL),
(514, 'fa', 'fa-th-list', NULL),
(515, 'fa', 'fa-thumb-tack', NULL),
(516, 'fa', 'fa-thumbs-down', NULL),
(517, 'fa', 'fa-thumbs-o-down', NULL),
(518, 'fa', 'fa-thumbs-o-up', NULL),
(519, 'fa', 'fa-thumbs-up', NULL),
(520, 'fa', 'fa-ticket', NULL),
(521, 'fa', 'fa-times', NULL),
(522, 'fa', 'fa-times-circle', NULL),
(523, 'fa', 'fa-times-circle-o', NULL),
(524, 'fa', 'fa-tint', NULL),
(525, 'fa', 'fa-toggle-down(alias)', NULL),
(526, 'fa', 'fa-toggle-left(alias)', NULL),
(527, 'fa', 'fa-toggle-off', NULL),
(528, 'fa', 'fa-toggle-on', NULL),
(529, 'fa', 'fa-toggle-right(alias)', NULL),
(530, 'fa', 'fa-toggle-up(alias)', NULL),
(531, 'fa', 'fa-train', NULL),
(532, 'fa', 'fa-transgender', NULL),
(533, 'fa', 'fa-transgender-alt', NULL),
(534, 'fa', 'fa-trash', NULL),
(535, 'fa', 'fa-trash-o', NULL),
(536, 'fa', 'fa-tree', NULL),
(537, 'fa', 'fa-trello', NULL),
(538, 'fa', 'fa-trophy', NULL),
(539, 'fa', 'fa-truck', NULL),
(540, 'fa', 'fa-try', NULL),
(541, 'fa', 'fa-tty', NULL),
(542, 'fa', 'fa-tumblr', NULL),
(543, 'fa', 'fa-tumblr-square', NULL),
(544, 'fa', 'fa-turkish-lira(alias)', NULL),
(545, 'fa', 'fa-twitch', NULL),
(546, 'fa', 'fa-twitter', NULL),
(547, 'fa', 'fa-twitter-square', NULL),
(548, 'fa', 'fa-umbrella', NULL),
(549, 'fa', 'fa-underline', NULL),
(550, 'fa', 'fa-undo', NULL),
(551, 'fa', 'fa-university', NULL),
(552, 'fa', 'fa-unlink(alias)', NULL),
(553, 'fa', 'fa-unlock', NULL),
(554, 'fa', 'fa-unlock-alt', NULL),
(555, 'fa', 'fa-unsorted(alias)', NULL),
(556, 'fa', 'fa-upload', NULL),
(557, 'fa', 'fa-usd', NULL),
(558, 'fa', 'fa-user', NULL),
(559, 'fa', 'fa-user-md', NULL),
(560, 'fa', 'fa-user-plus', NULL),
(561, 'fa', 'fa-user-secret', NULL),
(562, 'fa', 'fa-user-times', NULL),
(563, 'fa', 'fa-users', NULL),
(564, 'fa', 'fa-venus', NULL),
(565, 'fa', 'fa-venus-double', NULL),
(566, 'fa', 'fa-venus-mars', NULL),
(567, 'fa', 'fa-viacoin', NULL),
(568, 'fa', 'fa-video-camera', NULL),
(569, 'fa', 'fa-vimeo-square', NULL),
(570, 'fa', 'fa-vine', NULL),
(571, 'fa', 'fa-vk', NULL),
(572, 'fa', 'fa-volume-down', NULL),
(573, 'fa', 'fa-volume-off', NULL),
(574, 'fa', 'fa-volume-up', NULL),
(575, 'fa', 'fa-warning(alias)', NULL),
(576, 'fa', 'fa-wechat(alias)', NULL),
(577, 'fa', 'fa-weibo', NULL),
(578, 'fa', 'fa-weixin', NULL),
(579, 'fa', 'fa-whatsapp', NULL),
(580, 'fa', 'fa-wheelchair', NULL),
(581, 'fa', 'fa-wifi', NULL),
(582, 'fa', 'fa-windows', NULL),
(583, 'fa', 'fa-won(alias)', NULL),
(584, 'fa', 'fa-wordpress', NULL),
(585, 'fa', 'fa-wrench', NULL),
(586, 'fa', 'fa-xing', NULL),
(587, 'fa', 'fa-xing-square', NULL),
(588, 'fa', 'fa-yahoo', NULL),
(589, 'fa', 'fa-yelp', NULL),
(590, 'fa', 'fa-yen(alias)', NULL),
(591, 'fa', 'fa-youtube', NULL),
(592, 'fa', 'fa-youtube-play', NULL),
(593, 'fa', 'fa-youtube-square', NULL);

-- --------------------------------------------------------

--
-- Table structure for table `gallery`
--

CREATE TABLE `gallery` (
  `id` int(11) NOT NULL,
  `name` text NOT NULL,
  `description` text NOT NULL,
  `path` text NOT NULL,
  `filename` text,
  `created_by` int(11) NOT NULL,
  `created_at` timestamp NULL DEFAULT NULL,
  `updated_at` timestamp NULL DEFAULT NULL,
  `deleted_at` timestamp NULL DEFAULT NULL,
  `status` int(11) NOT NULL DEFAULT '1'
) ENGINE=InnoDB DEFAULT CHARSET=latin1;

-- --------------------------------------------------------

--
-- Table structure for table `groups`
--

CREATE TABLE `groups` (
  `id` int(10) UNSIGNED NOT NULL,
  `name` varchar(255) COLLATE utf8_unicode_ci NOT NULL,
  `permissions` text COLLATE utf8_unicode_ci,
  `created_at` timestamp NULL DEFAULT NULL,
  `updated_at` timestamp NULL DEFAULT NULL ON UPDATE CURRENT_TIMESTAMP
) ENGINE=InnoDB DEFAULT CHARSET=utf8 COLLATE=utf8_unicode_ci;

--
-- Dumping data for table `groups`
--

INSERT INTO `groups` (`id`, `name`, `permissions`, `created_at`, `updated_at`) VALUES
(2, 'Registered User', '{\"user\":1,\"index\":1}', '2014-09-23 18:54:50', '2016-02-19 19:29:55'),
(3, 'Administrator', '{\"index\":1,\"report.order_qty\":1,\"admin\":1,\"admin.index\":1,\"user.manage\":1,\"user.user\":1,\"user.view\":1,\"product.organize\":1,\"user.edit\":1,\"jobroles.add\":1,\"jobroles.edit\":1,\"report.detailsummary\":1,\"jobroles.delete\":1,\"jobroles.view\":1,\"user.activate\":1,\"user.deactivate\":1,\"report.product_prices\":1,\"branch.add\":1,\"branch.edit\":1,\"branch.view\":1,\"branch.delete\":1,\"employee.add\":1,\"employee.edit\":1,\"employee.delete\":1,\"employee.view\":1,\"product.add\":1,\"product.edit\":1,\"product.delete\":1,\"product.view\":1,\"product-cat.add\":1,\"product-cat.edit\":1,\"product-cat.view\":1,\"inquiry-type.add\":1,\"inquiry-type.edit\":1,\"inquiry-type.delete\":1,\"inquiry-type.view\":1,\"agent.add\":1,\"agent.edit\":1,\"agent.delete\":1,\"agent.view\":1,\"attachment.add\":1,\"attachment.delete\":1,\"attachment.view\":1,\"attachment-cat.add\":1,\"attachment-cat.edit\":1,\"attachment-cat.delete\":1,\"attachment-cat.view\":1,\"city.add\":1,\"city.edit\":1,\"city.delete\":1,\"city.view\":1,\"agent-type.add\":1,\"agent-type.edit\":1,\"agent-type.delete\":1,\"agent-type.view\":1,\"json.agenttypelist\":1,\"json.agentlist\":1,\"offer-type.add\":1,\"offer-type.edit\":1,\"offer-type.delete\":1,\"offer-type.view\":1,\"offer.add\":1,\"offer.edit\":1,\"offer.delete\":1,\"offer.view\":1,\"json.offertypelist\":1,\"json.offerslist\":1,\"offer.details\":1,\"json.attachmentcategorylist\":1,\"customer-status.add\":1,\"customer-status.edit\":1,\"customer-status.delete\":1,\"customer-status.view\":1,\"json.customerstatuslist\":1,\"json.branchlist\":1,\"inquiry.detail\":1,\"target.view\":1,\"target.add\":1,\"target.edit\":1,\"target.delete\":1,\"json.targetlist\":1,\"offer.check\":1,\"quotation.new\":1,\"quotation.send\":1,\"ajax.send\":1,\"customer.details\":1,\"json.customerinquirylist\":1,\"customer.json_detail\":1,\"distributor.upload\":1,\"permission.add\":1,\"distributor.edit\":1,\"distributor.list\":1,\"json.distributorlist\":1,\"ajax.distributorlist\":1,\"segment.add\":1,\"segment.edit\":1,\"segment.view\":1,\"segment.delete\":1,\"category.add\":1,\"category.edit\":1,\"category.view\":1,\"category.list\":1,\"category.delete\":1,\"ajax.set_featured\":1,\"ajax.addtarget\":1,\"ajax.loadtarget\":1,\"product.images\":1,\"ajax.deleteimage\":1,\"ajax.setstatus\":1,\"ajax.addcart\":1,\"price.add\":1,\"price.edit\":1,\"price.list\":1,\"json.pricelist\":1,\"stock.view\":1,\"json.stocklist\":1,\"admin.inbox\":1,\"admin.reply\":1,\"report.conversionrate\":1,\"report.toporders\":1,\"report.salesbyagents\":1,\"report.inventory\":1,\"json.conversionrate\":1,\"json.overall_target_achievement\":1,\"report.order_histrory\":1,\"slider_image.view\":1,\"slider_image.edit\":1,\"slider_image.add\":1,\"json.categorylist\":1,\"json.productlist\":1,\"json.employeelist\":1,\"json.product_prices\":1,\"json.orderhistory\":1,\"user.distributor\":1,\"distributor.view\":1,\"json.userlist\":1,\"user.reset\":1,\"data.grabber\":1,\"pending.download\":1,\"user.add\":1,\"stock.add\":1,\"ajax.added_target\":1,\"product.upload\":1,\"target.upload\":1,\"contact.list\":1,\"contact.add\":1,\"contact.edit\":1,\"contact.delete\":1,\"json.contact_list\":1,\"report.distributor_forecast\":1,\"forecast.export-monthly\":1,\"ajax.load_monthly_requirnment_exportuser\":1}', '2014-09-30 18:39:12', '2016-03-10 18:50:48');

-- --------------------------------------------------------

--
-- Table structure for table `menu`
--

CREATE TABLE `menu` (
  `id` int(10) UNSIGNED NOT NULL,
  `label` varchar(255) COLLATE utf8_unicode_ci NOT NULL,
  `link` varchar(255) COLLATE utf8_unicode_ci NOT NULL,
  `icon` varchar(255) COLLATE utf8_unicode_ci DEFAULT NULL,
  `parent` int(11) DEFAULT NULL,
  `permissions` text COLLATE utf8_unicode_ci,
  `lft` int(11) NOT NULL,
  `rgt` int(11) DEFAULT NULL,
  `depth` int(11) NOT NULL,
  `status` tinyint(1) DEFAULT '1',
  `created_at` timestamp NULL DEFAULT NULL,
  `updated_at` timestamp NULL DEFAULT NULL
) ENGINE=InnoDB DEFAULT CHARSET=utf8 COLLATE=utf8_unicode_ci;

--
-- Dumping data for table `menu`
--

INSERT INTO `menu` (`id`, `label`, `link`, `icon`, `parent`, `permissions`, `lft`, `rgt`, `depth`, `status`, `created_at`, `updated_at`) VALUES
(1, 'Root Menu', '#', NULL, NULL, NULL, 1, 66, 0, 1, '2016-09-21 00:30:00', '2018-09-20 15:14:27'),
(2, 'MENU MANAGEMENT', 'menu/list', NULL, 1, '[\"menu.add\",\"admin\"]', 2, 3, 1, 1, '2016-09-21 00:30:00', '2017-12-24 18:09:01'),
(4, 'USER MANAGEMENT', '#', NULL, 1, '[\"user.list\",\"user.add\",\"user.edit\",\"user.delete\",\"admin\"]', 6, 15, 1, 1, '2016-09-21 11:26:25', '2017-12-24 18:09:01'),
(5, 'PERMISSION', 'permission/list', NULL, 4, '[\"admin\"]', 7, 8, 2, 1, '2016-09-21 11:26:51', '2017-12-24 18:09:01'),
(6, 'ROLE', 'user/role/list', NULL, 4, '[\"admin\"]', 9, 10, 2, 1, '2016-09-21 11:27:15', '2017-12-24 18:09:01'),
(7, 'USER', 'user/list', NULL, 4, '[\"user.list\",\"user.add\",\"user.edit\",\"user.delete\",\"admin\"]', 11, 12, 2, 1, '2016-09-21 11:27:51', '2017-12-24 18:09:01'),
(24, 'GALLERY', 'gallery/list', NULL, 35, '[\"gallery.list\",\"admin\"]', 17, 18, 2, 1, '2017-01-19 08:30:29', '2018-08-24 01:49:37'),
(33, 'BLOG', 'blog/list', NULL, 1, '[\"blog.add\",\"blog.edit\",\"blog.list\",\"blog.delete\",\"admin\"]', 52, 53, 1, 1, '2017-04-03 23:33:22', '2018-09-22 03:10:39'),
(34, 'GALLERY CATEGORY', 'gallery/category/list', NULL, 35, '[\"admin\"]', 19, 20, 2, 1, '2017-09-07 23:27:27', '2018-08-24 01:49:37'),
(35, 'GALLERY MANAGEMENT', '#', NULL, 1, '[\"admin\",\"admin\"]', 16, 21, 1, 1, '2017-09-07 23:29:35', '2018-08-24 01:49:37'),
(36, 'PRODUCT CREATION', '#', NULL, 1, '[\"admin\"]', 42, 47, 1, 1, '2017-09-08 23:46:40', '2018-09-22 03:10:39'),
(37, 'CATEGORY', 'product/creation/category/list', NULL, 36, '[\"admin\"]', 43, 44, 2, 1, '2017-09-08 23:47:26', '2018-09-22 03:10:39'),
(38, 'PRODUCT', 'product/creation/list', NULL, 36, '[\"admin\"]', 45, 46, 2, 1, '2017-09-08 23:48:30', '2018-09-22 03:10:39'),
(39, 'SLIDESHOW', 'slider/list', NULL, 1, '[\"admin\"]', 40, 41, 1, 1, '2017-09-11 11:59:39', '2018-08-24 01:49:37'),
(40, 'TESTIMONIALS', 'testimonials/list', NULL, 1, '[\"admin\"]', 36, 37, 1, 1, '2017-09-11 12:31:15', '2018-08-24 01:49:37'),
(42, 'Cake Type', 'caketype/list', NULL, 1, '[\"caketype.list\",\"caketype.add\",\"caketype.edit\",\"caketype.delete\",\"admin\"]', 52, 53, 1, 1, NULL, '2018-09-22 03:10:39'),
(43, 'publication', 'publication/list', NULL, 1, '[\"publication.list\",\"publication.add\",\"publication.edt\",\"publication.delete\",\"admin\"]', 46, 47, 1, 1, NULL, '2018-09-22 03:10:39'),
(44, 'Private Classes', 'privateclass/category/list', NULL, 1, '[\"admin\"]', 22, 23, 1, 1, '2017-09-18 15:09:46', '2018-08-24 01:49:37'),
(47, 'In the News', 'news/list', NULL, 1, '[\"admin\"]', 48, 49, 1, 1, '2017-09-25 19:50:32', '2018-09-22 03:10:39'),
(48, 'Requested Quotes', 'quote/list', NULL, 1, '[\"admin\"]', 64, 65, 1, 1, '2017-10-01 14:18:10', '2018-09-22 03:10:40'),
(49, 'Tutorial Management', '#', NULL, 1, '[\"admin\"]', 30, 35, 1, 1, '2017-10-05 17:33:46', '2018-08-24 01:49:37'),
(50, 'Tutorial Category', 'recipesCategory/list', NULL, 49, '[\"admin\"]', 31, 32, 2, 1, '2017-10-05 17:34:46', '2018-08-24 01:49:37'),
(51, 'Tutorial list', 'recipe/list', NULL, 49, '[\"admin\"]', 33, 34, 2, 1, '2017-10-05 17:35:22', '2018-08-24 01:49:37'),
(52, 'Coupon Management', 'coupon/list', NULL, 1, '[\"admin\"]', 54, 55, 1, 1, '2017-10-17 22:59:22', '2018-09-22 03:10:39'),
(54, 'tasting management', '#', NULL, 1, '[\"admin\"]', 24, 29, 1, 1, '2017-10-18 00:22:15', '2018-08-24 01:49:37'),
(55, 'Tasting people type', 'tasting/people/type/list', NULL, 54, '[\"admin\"]', 25, 26, 2, 1, '2017-10-18 00:23:16', '2018-08-24 01:49:37'),
(56, 'Schedule a Tasting', 'tasting/schedule/list', NULL, 54, '[\"admin\"]', 27, 28, 2, 1, '2017-10-18 00:24:29', '2018-08-24 01:49:37'),
(57, 'System Settings', '#', NULL, 1, '[\"admin\"]', 56, 63, 1, 1, '2017-12-24 17:41:46', '2018-09-22 03:10:39'),
(58, 'Country List', 'country/list', NULL, 57, '[\"admin\"]', 57, 58, 2, 1, '2017-12-24 17:42:11', '2018-09-22 03:10:39'),
(59, 'Configure page', 'config/add', NULL, 57, '[\"admin\"]', 59, 60, 2, 1, '2017-12-24 18:02:28', '2018-09-22 03:10:39'),
(60, 'Pages List', 'pages/list', NULL, 57, '[\"admin\"]', 61, 62, 2, 1, '2017-12-24 18:05:04', '2018-09-22 03:10:39'),
(61, 'Honours List', 'honor/list', NULL, 1, '[\"admin\"]', 50, 51, 1, 1, '2018-09-20 15:14:27', '2018-09-22 03:10:39');

-- --------------------------------------------------------

--
-- Table structure for table `migrations`
--

CREATE TABLE `migrations` (
  `migration` varchar(255) COLLATE utf8_unicode_ci NOT NULL,
  `batch` int(11) NOT NULL
) ENGINE=InnoDB DEFAULT CHARSET=utf8 COLLATE=utf8_unicode_ci;

--
-- Dumping data for table `migrations`
--

INSERT INTO `migrations` (`migration`, `batch`) VALUES
('2012_12_06_225921_migration_cartalyst_sentry_install_users', 1),
('2012_12_06_225929_migration_cartalyst_sentry_install_groups', 1),
('2012_12_06_225945_migration_cartalyst_sentry_install_users_groups_pivot', 1),
('2012_12_06_225988_migration_cartalyst_sentry_install_throttle', 1),
('2015_05_16_172701_create_tables', 1),
('2015_05_16_180134_alter_users_table', 2),
('2015_05_25_211027_create_menu_table', 3),
('2015_05_26_103954_alter_menu_table', 4),
('2015_05_26_114356_alter_menu_table', 5),
('2014_07_02_230147_migration_cartalyst_sentinel', 6),
('2012_12_06_225921_migration_cartalyst_sentry_install_users', 1),
('2012_12_06_225929_migration_cartalyst_sentry_install_groups', 1),
('2012_12_06_225945_migration_cartalyst_sentry_install_users_groups_pivot', 1),
('2012_12_06_225988_migration_cartalyst_sentry_install_throttle', 1),
('2015_05_16_172701_create_tables', 1),
('2015_05_16_180134_alter_users_table', 2),
('2015_05_25_211027_create_menu_table', 3),
('2015_05_26_103954_alter_menu_table', 4),
('2015_05_26_114356_alter_menu_table', 5),
('2014_07_02_230147_migration_cartalyst_sentinel', 6),
('2012_12_06_225921_migration_cartalyst_sentry_install_users', 1),
('2012_12_06_225929_migration_cartalyst_sentry_install_groups', 1),
('2012_12_06_225945_migration_cartalyst_sentry_install_users_groups_pivot', 1),
('2012_12_06_225988_migration_cartalyst_sentry_install_throttle', 1),
('2015_05_16_172701_create_tables', 1),
('2015_05_16_180134_alter_users_table', 2),
('2015_05_25_211027_create_menu_table', 3),
('2015_05_26_103954_alter_menu_table', 4),
('2015_05_26_114356_alter_menu_table', 5),
('2014_07_02_230147_migration_cartalyst_sentinel', 6),
('2017_09_04_143153_slider_table', 7),
('2017_11_12_232812_config_table', 8),
('2017_12_21_223821_create_table_counrties', 8),
('2017_12_30_181039_add_css_class_column_to_animation_type_table', 9),
('2018_01_06_171335_add_twitter_column_to_config', 10),
('2018_01_16_150501_create_comments_table', 11),
('2018_01_25_205542_add_code_column_to_coupon_table', 12),
('2018_02_08_202943_add_column_to_blog_table_and_in_the_news_table', 13),
('2018_03_20_223440_add_cover_image_to_blog', 14),
('2018_03_23_204344_add_cover_image_to_news_table', 14),
('2018_03_27_211154_add_tasting_success_config_table', 14),
('2018_07_23_113537_sa_privetclass_date_time', 15),
('2018_09_16_140039_sa_rating', 16),
('2018_10_11_052402_add_cover_img_to_sa_productcreation', 17),
('2018_10_13_142529_add_avatar_fieleds_to_user_table', 17),
('2018_10_13_180753_create_recipe_categories_table', 17);

-- --------------------------------------------------------

--
-- Table structure for table `permissions`
--

CREATE TABLE `permissions` (
  `id` int(10) UNSIGNED NOT NULL,
  `name` varchar(255) COLLATE utf8_unicode_ci NOT NULL,
  `description` text COLLATE utf8_unicode_ci,
  `status` tinyint(1) NOT NULL DEFAULT '1',
  `created_by` int(20) DEFAULT NULL,
  `created_at` timestamp NULL DEFAULT CURRENT_TIMESTAMP,
  `updated_at` timestamp NULL DEFAULT NULL
) ENGINE=InnoDB DEFAULT CHARSET=utf8 COLLATE=utf8_unicode_ci;

--
-- Dumping data for table `permissions`
--

INSERT INTO `permissions` (`id`, `name`, `description`, `status`, `created_by`, `created_at`, `updated_at`) VALUES
(1, 'user', 'Normal Registered User', 1, 1, '2015-07-25 06:00:00', '2015-12-02 11:54:39'),
(2, 'menu.add', NULL, 1, 1, '2015-07-25 06:00:00', '2015-12-03 15:02:41'),
(3, 'menu.list', NULL, 1, 1, '2015-07-25 06:00:00', '2015-12-02 11:54:54'),
(4, 'menu.edit', NULL, 1, 1, '2015-07-25 06:00:00', '2015-12-02 11:54:57'),
(5, 'menu.status', NULL, 1, 1, '2015-07-25 06:00:00', '2015-12-02 11:55:01'),
(6, 'admin', 'Super Admin Permission', 1, 1, '2015-07-25 06:00:00', '2015-07-25 06:00:00'),
(7, 'index', 'Home Page Permission', 1, 1, '2015-07-25 06:00:00', '2015-12-02 11:55:03'),
(8, 'menu.delete', NULL, 1, 1, '2015-09-06 20:30:06', '2015-09-06 20:30:09'),
(9, 'user.add', NULL, 1, 1, '2015-10-16 06:00:00', '2015-10-16 06:00:00'),
(10, 'user.edit', NULL, 1, 1, '2015-10-16 06:00:00', '2015-10-16 06:00:00'),
(11, 'user.delete', NULL, 1, 1, '2015-10-16 06:00:00', '2015-10-16 06:00:00'),
(12, 'user.list', NULL, 1, 1, '2015-10-20 06:00:00', '2015-10-21 02:01:57'),
(13, 'user.role.add', NULL, 1, 1, '2015-10-22 06:00:00', '2015-10-22 06:00:00'),
(14, 'user.role.edit', NULL, 1, 1, '2015-10-22 06:00:00', '2015-10-22 06:00:00'),
(15, 'user.role.list', NULL, 1, 1, '2015-10-22 06:00:00', '2015-10-22 06:00:00'),
(16, 'user.role.delete', NULL, 1, 1, '2015-10-22 06:00:00', '2015-10-22 06:00:00'),
(17, 'permission.add', NULL, 1, 1, '2015-10-22 06:00:00', '2015-10-22 06:00:00'),
(18, 'permission.edit', NULL, 1, 1, '2015-10-22 06:00:00', '2015-10-22 06:00:00'),
(19, 'permission.delete', NULL, 1, 1, '2015-10-22 06:00:00', '2015-10-22 06:00:00'),
(20, 'permission.list', NULL, 1, 1, '2015-10-22 06:00:00', '2015-10-22 06:00:00'),
(21, 'permission.group.add', NULL, 1, 1, '2015-10-22 06:00:00', '2015-10-22 06:00:00'),
(22, 'permission.group.edit', NULL, 1, 1, '2015-10-22 06:00:00', '2015-10-22 06:00:00'),
(23, 'permission.group.list', NULL, 1, 1, '2015-10-22 06:00:00', '2015-10-22 06:00:00'),
(24, 'permission.group.delete', NULL, 1, 1, '2015-10-22 06:00:00', '2015-10-22 06:00:00'),
(25, 'user.status', NULL, 1, 1, '2015-12-19 07:00:47', '2015-12-19 07:00:47'),
(26, 'device.list', 'DEVICE LIST', 1, 1, '2017-01-24 01:44:34', '2017-03-13 04:53:58'),
(27, 'dashboard', 'DASHBOARD', 1, 1, '2017-01-24 01:48:39', '2017-01-24 01:48:39'),
(28, 'device.add', 'DEVICE ADD', 1, 1, '2017-01-24 01:49:46', '2017-01-24 01:49:46'),
(29, 'device.edit', 'DEVICE EDIT', 1, 1, '2017-01-24 01:50:02', '2017-01-24 01:50:02'),
(30, 'device.delete', 'DEVICE DELETE', 1, 1, '2017-01-24 01:50:24', '2017-01-24 01:50:24'),
(31, 'gallery.list', 'GALLERY LIST', 1, 1, '2017-01-24 01:51:05', '2017-01-24 01:51:05'),
(32, 'gallery.add', 'Gallery ADD', 1, 1, '2017-01-24 01:51:23', '2017-01-24 01:51:23'),
(33, 'gallery.edit', 'GALLERY EDIT', 1, 1, '2017-01-24 01:51:36', '2017-01-24 01:51:36'),
(34, 'gallery.delete', 'GALLERY DELETE', 1, 1, '2017-01-24 01:51:53', '2017-01-24 01:51:53'),
(35, 'reservation.list', 'RESERVATION LIST', 1, 1, '2017-01-28 18:04:27', '2017-01-28 18:04:27'),
(36, 'product.list', 'PRODUCT LIST', 1, 1, '2017-02-20 21:37:26', '2017-02-20 21:37:26'),
(37, 'product.add', 'PRODUCT ADD', 1, 1, '2017-02-20 21:37:49', '2017-02-20 21:37:49'),
(38, 'product.edit', 'PRODUCT EDIT', 1, 1, '2017-02-20 21:38:08', '2017-02-20 21:38:08'),
(39, 'product.delete', 'PRODUCT DELETE', 1, 1, '2017-03-15 02:54:22', '2017-03-15 02:54:22'),
(40, 'series.list', 'SERIES LIST', 1, 1, '2017-03-15 03:01:49', '2017-03-15 03:01:49'),
(41, 'series.add', 'SERIES ADD', 1, 1, '2017-03-15 03:02:03', '2017-03-15 03:02:03'),
(42, 'series.edit', 'SERIES EDIT', 1, 1, '2017-03-15 03:02:17', '2017-03-15 03:02:17'),
(43, 'series.delete', 'SERIES DELETE', 1, 1, '2017-03-15 03:02:33', '2017-03-15 03:02:33'),
(44, 'feature.add', 'ADD FEATURE', 1, 1, '2017-03-26 15:42:51', '2017-03-26 15:42:51'),
(45, 'feature.edit', 'EDIT FEATURE', 1, 1, '2017-03-26 15:43:08', '2017-03-26 15:43:08'),
(46, 'feature.list', 'LIST FEATURE', 1, 1, '2017-03-26 15:43:23', '2017-03-26 15:43:23'),
(47, 'feature.delete', 'DELETE FEATURE', 1, 1, '2017-03-26 15:43:41', '2017-03-26 15:43:41'),
(48, 'blog', 'BLOG', 1, 1, '2017-04-04 05:02:46', '2017-04-04 05:02:46'),
(49, 'blog.add', 'ADD BLOG', 1, 1, '2017-05-09 03:47:46', '2017-05-09 03:47:46'),
(50, 'blog.edit', 'EDIT BLOG', 1, 1, '2017-05-09 03:48:01', '2017-05-09 03:48:01'),
(51, 'blog.list', 'LIST BLOG', 1, 1, '2017-05-09 03:48:13', '2017-05-09 03:48:13'),
(52, 'blog.delete', 'DELETE BLOG', 1, 1, '2017-05-09 03:48:28', '2017-05-09 03:48:28');

-- --------------------------------------------------------

--
-- Table structure for table `persistences`
--

CREATE TABLE `persistences` (
  `id` int(10) UNSIGNED NOT NULL,
  `user_id` int(10) UNSIGNED NOT NULL,
  `code` varchar(255) COLLATE utf8_unicode_ci NOT NULL,
  `created_at` timestamp NULL DEFAULT NULL,
  `updated_at` timestamp NULL DEFAULT NULL
) ENGINE=InnoDB DEFAULT CHARSET=utf8 COLLATE=utf8_unicode_ci;

--
-- Dumping data for table `persistences`
--

INSERT INTO `persistences` (`id`, `user_id`, `code`, `created_at`, `updated_at`) VALUES
(0, 1, 'os3P8bBS3GDxFE5kP3ggpnjmYLStjvng', '2017-01-15 08:28:55', '2017-01-15 08:28:55'),
(1, 1, '0q0ygX6vhRbhWLfDVMQjCpuVVi4Uv21m', '2015-07-11 17:39:55', '2015-07-11 17:39:55'),
(2, 1, 'efBjwoN42yjE5Pbbbn3NOvAQMh6Hc47p', '2015-07-13 16:12:45', '2015-07-13 16:12:45'),
(4, 1, 'dkYUwD816i7YeZLaLmENn7b7qXyRV6jE', '2015-07-13 21:13:07', '2015-07-13 21:13:07'),
(5, 1, 'fsVkzYpy5e5SIno5317Viix318Ipevum', '2015-07-14 20:42:12', '2015-07-14 20:42:12'),
(7, 1, 'BYdFxgUBhE9H2BqP6PEg5tQXjQvapGkk', '2015-07-15 00:53:52', '2015-07-15 00:53:52'),
(8, 1, 'UuheCz7Zmb1WM2zsJVnJv3yMtHrCZXZP', '2015-07-19 01:35:42', '2015-07-19 01:35:42'),
(9, 1, 'ugwMinnLII8pAvdX48uibN4tCfFncKxL', '2015-07-25 18:44:39', '2015-07-25 18:44:39'),
(10, 1, '6sv5Vmes7x5zzF5kp9BIiF0e3J7uatEA', '2015-07-26 03:32:42', '2015-07-26 03:32:42'),
(12, 1, 'AAPH0gv7ueGmg1GHT3CDDb8CuqliETTr', '2015-07-27 15:00:05', '2015-07-27 15:00:05'),
(17, 1, 'EvOMH9hGBkW3nS9TJjtnZOajBh8b2nH8', '2015-08-14 02:59:00', '2015-08-14 02:59:00'),
(18, 1, 'sgY1xcvVRC3q8s2Qe5IgY6k4NVdw8Bw2', '2015-08-14 03:00:50', '2015-08-14 03:00:50'),
(19, 1, 'smRBCmpzbBL4RTXJZcaAW5Wr4quWzvnA', '2015-08-14 16:08:36', '2015-08-14 16:08:36'),
(20, 1, 'C1xwzvvNREHhtx6JqQEZSTEPMbzY7J6F', '2015-08-14 16:13:16', '2015-08-14 16:13:16'),
(23, 1, '0XUcBHFDSxUgWDZsdPt9Oigx5cIfQ5KR', '2015-08-14 21:49:04', '2015-08-14 21:49:04'),
(24, 1, 'LeqsntX9HwB19oOzfqFICR3TB2xHZt5c', '2015-08-15 03:16:49', '2015-08-15 03:16:49'),
(25, 1, 'ZRilkZu1axOqoPqkAbNzA4ZPQccDHLEf', '2015-08-15 20:19:49', '2015-08-15 20:19:49'),
(26, 1, 'fHHSkcipQkFfpeTYIcxmFqKS2IKL0ozJ', '2015-08-17 15:41:53', '2015-08-17 15:41:53'),
(27, 1, 'Gev3KH0ERZX7UFA6QASlHd4wW9Tm47cz', '2015-08-17 19:22:08', '2015-08-17 19:22:08'),
(28, 1, 'Pu0bSNJwO7XEhfmr8Ubg28c5HWp2BCfN', '2015-08-18 15:01:21', '2015-08-18 15:01:21'),
(29, 1, 'FkavnjEGjcidC4hGsJwf5JepGpglq09u', '2015-08-18 17:03:49', '2015-08-18 17:03:49'),
(30, 1, 'GfVyVFbRB7yBaekFtBu3l16pB95iDYyv', '2015-08-19 00:11:28', '2015-08-19 00:11:28'),
(32, 1, '7Qa9ckHVYsRkTgnZNSQ9szqJ7ORRwqqP', '2015-08-20 01:43:25', '2015-08-20 01:43:25'),
(34, 1, '7gzkQXDRziKCU3V6YN3os6oty3ZYmm3V', '2015-08-20 16:40:32', '2015-08-20 16:40:32'),
(35, 1, 'PPni5OZ4t4Ukf7GqJhJTowQUbG1BKTCO', '2015-08-24 23:02:19', '2015-08-24 23:02:19'),
(39, 1, '1Vq5gtTDFk3uhKn9AHMOnWwQxiNq8eNm', '2015-08-25 02:32:07', '2015-08-25 02:32:07'),
(40, 1, '9tal1AP1HQ4usfTnI3Q0kXSrPzScKtnz', '2015-08-25 18:56:55', '2015-08-25 18:56:55'),
(41, 1, 'FDkLOdsEvF0HzB1XvBQ8GKAQZ9oq80xS', '2015-08-26 00:50:00', '2015-08-26 00:50:00'),
(42, 1, 'LW0maecSnWGHR1uvR1ev67CmiePNeYQb', '2015-08-26 14:43:11', '2015-08-26 14:43:11'),
(43, 1, 'c7UCeZhd2AdNOrNIrzFeP8Z2xHSPBOat', '2015-08-26 19:21:39', '2015-08-26 19:21:39'),
(44, 1, 'DmiuJhBD8ndKrxeQzYUgKJ0qdr5VfgEp', '2015-08-26 19:23:05', '2015-08-26 19:23:05'),
(45, 1, 'EvLSeVbZ4LpQHpIwn3ESkPmKiHZYqChR', '2015-08-27 01:43:08', '2015-08-27 01:43:08'),
(46, 1, 'ZaFHszTHVJxdXVHyYyDUiVrjDsVLF2os', '2015-08-27 14:50:53', '2015-08-27 14:50:53'),
(47, 1, 'E26Ajf3IuoSAQBDRGUnJxBXuLWf45qTE', '2015-08-28 17:00:55', '2015-08-28 17:00:55'),
(48, 1, '6gvIBqAaNqIHUC1GXGnvpobgXDqyGFWV', '2015-08-28 20:22:35', '2015-08-28 20:22:35'),
(49, 1, 'C9iOcAwSX8vcFZVUkRrnb7BTEmFfb1lW', '2015-08-28 22:54:30', '2015-08-28 22:54:30'),
(50, 1, 'm8HlkBppqVOmVtvm8WXn1gflqnpxZ7ZX', '2015-08-29 03:13:47', '2015-08-29 03:13:47'),
(51, 1, 'Ga2L52MViQQHOjQmC0B3NIwKoFoeC5LU', '2015-08-29 18:26:46', '2015-08-29 18:26:46'),
(52, 1, 'pEnesSMPpp8XwoXBGc0AQIxG8a0NlJL7', '2015-08-29 21:41:51', '2015-08-29 21:41:51'),
(53, 1, 'DOyCW9LubRxZlUZI1VM9VWmwEHFqEtuy', '2015-08-30 19:45:08', '2015-08-30 19:45:08'),
(54, 1, 'hQnXdF66aT6GWv1bjMfdQlrFzXCKzPaD', '2015-09-02 00:13:49', '2015-09-02 00:13:49'),
(55, 1, 'SofbScd28GADuBXJkBe02t4wNesj1pyc', '2015-09-02 15:16:21', '2015-09-02 15:16:21'),
(58, 1, 'S9zBLvLOtfn86jn2YZ7o4cDDIXir5odO', '2015-09-06 22:33:49', '2015-09-06 22:33:49'),
(59, 1, 'jhnFLwdIIq3akmuFjwNT5hXRbskFN8Cv', '2015-09-07 15:00:41', '2015-09-07 15:00:41'),
(65, 1, 'Yzp3Ic2rJbT21gHfSHQAyNH9sySMzNx8', '2015-09-17 18:38:02', '2015-09-17 18:38:02'),
(66, 1, 'FPxtt7aeMIpDuoEEIrFeXfS289y6YyrI', '2015-09-17 18:40:28', '2015-09-17 18:40:28'),
(67, 1, 'DE0xeUB6zv2l9VC7hlbHeVKZdNVgba2k', '2015-09-17 18:42:20', '2015-09-17 18:42:20'),
(68, 1, 'VSigkljclaPzU2jbUTnEPb7uAqbq7OO4', '2015-09-17 18:46:25', '2015-09-17 18:46:25'),
(69, 1, 'u1u64fxr5E8cVetPE2xfwXXlZg8ETdMt', '2015-09-17 18:48:29', '2015-09-17 18:48:29'),
(70, 1, 'IsPKSyDwN4yyBDpHDCQTFIA9cb9tDvho', '2015-09-17 18:50:56', '2015-09-17 18:50:56'),
(71, 1, 'Mqwwg7Ji564GosYUs8ew6p56lVqTNggm', '2015-09-17 18:51:06', '2015-09-17 18:51:06'),
(72, 1, 'ReDZfYlXcI3vckn50feKIYFukwEIaJxW', '2015-09-17 18:55:47', '2015-09-17 18:55:47'),
(73, 1, '1zPiFaCd2KentN0BEVayuoIqOfxi3lMS', '2015-09-17 18:56:15', '2015-09-17 18:56:15'),
(75, 1, 'FiS9P7LCFRk2i3wnNHZJqODlZaBMPBsH', '2015-09-17 18:57:16', '2015-09-17 18:57:16'),
(77, 1, 'w6afABnpTAwYkETiZ1LpLEG31RUMR9J9', '2015-09-17 19:14:14', '2015-09-17 19:14:14'),
(80, 1, 'zEQJ08oNoKnzyenYvSBPlGNkYrQRb9iU', '2015-09-17 21:08:48', '2015-09-17 21:08:48'),
(81, 1, 'ngBYUNkxL2QkLY5Lj7EHCsAY8VRUPIss', '2015-09-17 22:07:24', '2015-09-17 22:07:24'),
(82, 1, 'qPnddeucFgMvXEyCDsm99LGWgtiKQJI0', '2015-09-17 22:37:58', '2015-09-17 22:37:58'),
(83, 1, 'y8KppplOMITXfiYtuU10r96MmBw2fn4Z', '2015-09-17 22:54:17', '2015-09-17 22:54:17'),
(87, 1, '1O0lJH2OdlZ5JYPb7OzU95hN9DD9D08f', '2015-09-18 17:17:44', '2015-09-18 17:17:44'),
(91, 1, 'F2EASmRV02xRfOorilcer2HPJR0ff10w', '2015-09-21 14:53:43', '2015-09-21 14:53:43'),
(93, 1, 'XtZHW8aWJtnVDHLcFpJjfzuFQCI4BarH', '2015-09-21 15:01:03', '2015-09-21 15:01:03'),
(94, 1, '4MvhjQuFQMa3d3kTpaMJIhrHIqrpd0Ud', '2015-09-21 15:04:16', '2015-09-21 15:04:16'),
(95, 1, 'wIeSvojnWxVdqc8Ko2g4wSlgadyT46HX', '2015-09-22 00:46:41', '2015-09-22 00:46:41'),
(96, 1, 'IfNOgaDeoIHRgr1wMMQvzGO2zyedyHzQ', '2015-10-16 15:55:25', '2015-10-16 15:55:25'),
(97, 1, 'xb49Au965edKpfxust8QyV2A1ZtN1Jir', '2015-10-16 19:29:38', '2015-10-16 19:29:38'),
(98, 1, '8KKqFXos72faML2g6w1gZK8GecSR2A7B', '2015-10-16 19:55:28', '2015-10-16 19:55:28'),
(99, 1, 'IrxeYFpjWjhZdazrZz7tp253etqZlkuh', '2015-10-16 22:09:25', '2015-10-16 22:09:25'),
(100, 1, 'iuuX2Q6nvfyKfiNLDjOHJ0Jnmd3ZHLEM', '2015-10-17 17:58:06', '2015-10-17 17:58:06'),
(102, 1, 'vQW13aw7kJoovALydds8W9175IqZq7sh', '2015-10-20 20:15:41', '2015-10-20 20:15:41'),
(103, 1, 'kznRgyUivNAxj1LolOUloaV52kxc1TOg', '2015-10-21 01:49:12', '2015-10-21 01:49:12'),
(104, 1, 'UMqlxsaazj72vwRmCVfv5qB5oujn5eO1', '2015-10-21 01:50:38', '2015-10-21 01:50:38'),
(105, 1, 'xpjJT8wJEAA4xe0WNP9UbGPlEbwgZi7L', '2015-10-21 14:58:35', '2015-10-21 14:58:35'),
(106, 1, 'PMf4A3yNtiDOJzYEA2Pi58STBrJpYzi9', '2015-10-21 15:06:54', '2015-10-21 15:06:54'),
(107, 1, 'ix4iaApoo9ohGbwkBNcYyHv3nSkYMuOJ', '2015-10-22 02:21:23', '2015-10-22 02:21:23'),
(108, 1, 'klm8QxxO7mIG6Ljj5liFWR1qikUv3y1H', '2015-10-22 14:17:41', '2015-10-22 14:17:41'),
(109, 1, 'TMTs9AXiVGg3Dn8AmaXt5EZS4Z4WeVgp', '2015-10-26 15:18:24', '2015-10-26 15:18:24'),
(110, 1, 'gihggqvhu0ngRD3ZMkeBhMLMNW6uKXHJ', '2015-10-28 16:09:40', '2015-10-28 16:09:40'),
(111, 1, 'KDNzGA42AWdXV63AG90IhJF6Q36pmtpE', '2015-10-29 01:08:36', '2015-10-29 01:08:36'),
(112, 1, '35yTDDYO1IYhs9ujWXGWfAS9cxXIs4Hj', '2015-11-04 15:43:06', '2015-11-04 15:43:06'),
(113, 1, 'FE2s4HBsv9RoBO7oUsUT7KxFTaXqdpUs', '2015-11-06 21:36:44', '2015-11-06 21:36:44'),
(115, 1, 'a35iqeHc7BvGEbgIx9t357tFXklT9bqO', '2015-11-06 23:08:06', '2015-11-06 23:08:06'),
(116, 1, 'eE6SkzCzg1FtCi2E24UNmFm7OBVLWORs', '2015-11-07 23:32:42', '2015-11-07 23:32:42'),
(117, 1, 't71JCTd8yKBblCePz7bWznuSpkU2XqDv', '2015-11-07 23:57:44', '2015-11-07 23:57:44'),
(119, 1, 'ECMvGKmUgYm2qtMN0OMrPqpaDn5jx08d', '2015-11-19 06:03:17', '2015-11-19 06:03:17'),
(120, 1, 'PtyWimBS6rsnKlRxj96BDq9L7SDKG2rk', '2015-11-19 06:43:11', '2015-11-19 06:43:11'),
(121, 1, 'l9FIuW4AIkJij7BhzeiSEfzU4VyTWHMv', '2015-11-19 07:26:41', '2015-11-19 07:26:41'),
(122, 1, 'bFb85D3SNEMRAoWExKagngxrR9mpWG9a', '2015-11-19 09:56:32', '2015-11-19 09:56:32'),
(123, 1, 'SXL5MRTMSjhUxM2hHtJlZTUCbqgFF5dp', '2015-11-19 10:06:15', '2015-11-19 10:06:15'),
(124, 1, 'xe3efdBNBGu5Ftyzf6SBg1IpUjzMiODv', '2015-11-19 12:17:47', '2015-11-19 12:17:47'),
(125, 1, 'H0KI9TFvutyqksX9WFdo7ltXlIdi6LBO', '2015-11-19 19:01:04', '2015-11-19 19:01:04'),
(126, 1, 'b5U0MlNhXnSybtPBfB6OOmx2UD0jp3rK', '2015-11-20 05:56:33', '2015-11-20 05:56:33'),
(127, 1, 'aY5cfsCbK3SIOhyIfqn5swgMpi7DdOaH', '2015-11-20 06:48:16', '2015-11-20 06:48:16'),
(128, 1, 'LFMf9yFQYkV1iEc4MPSmy2cPyAlIBI7e', '2015-11-20 13:56:45', '2015-11-20 13:56:45'),
(129, 1, 'RzLW8COzh7iRkoCA0sY3VAejSmQbAFGS', '2015-11-21 05:43:07', '2015-11-21 05:43:07'),
(130, 1, 'QyjXCs2H1KLaiSveWaBenK05uG6Z0S8D', '2015-11-21 10:28:30', '2015-11-21 10:28:30'),
(131, 1, '9wrIGqqTTScbdXWxrxsu4mPGI30xTTJn', '2015-11-21 12:22:41', '2015-11-21 12:22:41'),
(132, 1, 'bBc9L5jexsFXL5iGZV8sIlgiyiEpvCo1', '2015-11-24 05:54:24', '2015-11-24 05:54:24'),
(134, 1, 'MVm2uIPKGoClnBOtPnZLeMne0cxqm79A', '2015-11-24 07:36:16', '2015-11-24 07:36:16'),
(135, 1, 'UdEhb1HUGGFeNUAHSzSEAd28LBtML6ti', '2015-11-24 13:24:58', '2015-11-24 13:24:58'),
(136, 1, 'CZGAahPMZICfT9C2pz8DKf3N9XLZpzwT', '2015-11-24 13:44:32', '2015-11-24 13:44:32'),
(138, 1, 'ZS8C30f5fheTscPSyKKcwnHFzwJi5YUg', '2015-11-25 05:17:44', '2015-11-25 05:17:44'),
(139, 1, 'hviLwIVE77jiFjpRBx6DmB29nDCTiEoa', '2015-11-25 06:21:06', '2015-11-25 06:21:06'),
(140, 1, 'k4YjDklmjCK3XOheyFj5tZRgkgQLcvPZ', '2015-11-25 07:14:04', '2015-11-25 07:14:04'),
(141, 1, 'Q0pgzUMaw1jbbjbJ76ZEoiPNHbvEaGhb', '2015-11-25 09:09:15', '2015-11-25 09:09:15'),
(142, 1, 'j1Ll3vyCfxk8WYrfGRWbLcFlmmB5gvuf', '2015-11-25 13:57:11', '2015-11-25 13:57:11'),
(143, 1, '36OdiItmKntFhhusCsOxRDRUmRLi3aIk', '2015-11-27 05:10:45', '2015-11-27 05:10:45'),
(144, 1, 'EY00OQByVxbkksjXJeB779sTw0PVBwQo', '2015-11-27 05:31:33', '2015-11-27 05:31:33'),
(145, 1, 'wFYXrcHs2VT8JxpVeu2nkYpEDIiyveCi', '2015-11-27 10:36:39', '2015-11-27 10:36:39'),
(146, 1, 'fnPGwFNPFaup09Pi8h3HRZkW7g2o89UB', '2015-11-27 11:10:49', '2015-11-27 11:10:49'),
(147, 1, 'EoByZX0seoP71TO3mh5YkAiMw41dQjfI', '2015-11-28 05:26:43', '2015-11-28 05:26:43'),
(148, 1, 'N4O3wiGd7DlOZPPsiXQnU3GaIUDVs0pk', '2015-11-28 05:35:49', '2015-11-28 05:35:49'),
(149, 1, 'wvrtqymHww86JtFR4ySTB7PRMVe6CYyZ', '2015-12-01 07:29:39', '2015-12-01 07:29:39'),
(150, 1, '0c1cjjzAmVVAFRwhzEBmL2fBR2a0cZ47', '2015-12-01 07:34:17', '2015-12-01 07:34:17'),
(151, 1, 'wXdvBHnlVA6VxrKWojj4MPaQ15WIDALo', '2015-12-01 08:44:11', '2015-12-01 08:44:11'),
(152, 1, '6KgSa5WB6Fcd1RhTQe4bpnc3NLRc4jKs', '2015-12-01 16:31:40', '2015-12-01 16:31:40'),
(153, 1, 'b9DvbCSyCVGeHps05XTN3kDLjG9i6UID', '2015-12-02 05:20:21', '2015-12-02 05:20:21'),
(154, 1, 'V1ebekY9wLdVXEXYaDXiDKizKIwV2YoZ', '2015-12-02 07:35:33', '2015-12-02 07:35:33'),
(155, 1, 'U1TDvsp3l7S50HKZJilwD8kolj3oKMZY', '2015-12-02 08:44:31', '2015-12-02 08:44:31'),
(156, 1, 'tWGlxczBI5ISqJsyb8i4t1GAGLVmCxdg', '2015-12-03 06:27:48', '2015-12-03 06:27:48'),
(157, 1, 'sX9s0vE8zk12ZJkKZOj53is0FOSzm3h5', '2015-12-03 07:06:14', '2015-12-03 07:06:14'),
(158, 1, 'YZ1T4vrGkxVOS91okt3lSiz7OFyibEWY', '2015-12-03 07:15:44', '2015-12-03 07:15:44'),
(160, 1, '0asRo8XZo9ictz6mNc941GyW81j7mqnY', '2015-12-03 13:42:18', '2015-12-03 13:42:18'),
(161, 1, 'FVal7sFDex7QqJibHPmQ3BqJOjMxY4zG', '2015-12-03 14:27:27', '2015-12-03 14:27:27'),
(162, 1, 'R82HDrmisEFi9HDBpF4Cb6Ffg8r9o3RI', '2015-12-03 15:02:32', '2015-12-03 15:02:32'),
(163, 1, 'bYRhi5W5Z5sShoOXorpyq9PTzruV4ISR', '2015-12-04 06:13:08', '2015-12-04 06:13:08'),
(164, 1, '6wFdYiPTSZW4ldZn62NgTYaTQrAyMRFW', '2015-12-04 08:10:42', '2015-12-04 08:10:42'),
(165, 1, '7Zpc8lp11v5CtWyMWGlonBNEHCsQCWhi', '2015-12-08 06:04:48', '2015-12-08 06:04:48'),
(166, 1, '9vbkG1yJuNrxJbPccH6inExHABpHtQMU', '2015-12-08 07:26:07', '2015-12-08 07:26:07'),
(167, 1, 'O61lttpy7l77lwEm2vQBpYftms5BbuWz', '2015-12-08 07:27:47', '2015-12-08 07:27:47'),
(168, 1, 'z1BKohUNT9iUIx0QDiNHknohKyQLxgwR', '2015-12-08 09:51:57', '2015-12-08 09:51:57'),
(169, 1, 'AutjPb5lGuWESM9dFfzsSpFyDH6vJifT', '2015-12-08 13:12:57', '2015-12-08 13:12:57'),
(170, 1, 'IjjDqcWuwLtABfWU4FeKbmfFnYVZeo81', '2015-12-09 08:21:17', '2015-12-09 08:21:17'),
(171, 1, 'MvJ9bEq3DNsBfz6eBPpbvweOEqZUZTZZ', '2015-12-09 10:59:56', '2015-12-09 10:59:56'),
(172, 1, 'YE0xTDpxGhMKoxuRYEqODQdhjsg0HBWN', '2015-12-09 13:44:15', '2015-12-09 13:44:15'),
(173, 1, 'qtPfV4NGQUHK8nPilb3zMSkPtOFa5fA7', '2015-12-09 13:48:06', '2015-12-09 13:48:06'),
(174, 1, 'bRiBCAqEMyoZMFGcVh0ppiCe7jJQtmL6', '2015-12-10 05:39:45', '2015-12-10 05:39:45'),
(175, 1, 'kvxZtGoLNIrPws0jng0hSky09B4w52xo', '2015-12-10 05:54:21', '2015-12-10 05:54:21'),
(177, 1, 'CYcO33TQxApc3BsrIxKhA1TG2XfjvjuE', '2015-12-10 16:31:48', '2015-12-10 16:31:48'),
(178, 1, 'ch00cMtPi9ZXy38Y8xsVKkeQT4Tdyz0F', '2015-12-11 05:32:28', '2015-12-11 05:32:28'),
(179, 1, 'ucujCYid3Ed1fWRzUc33bszW0Da5WpoR', '2015-12-11 06:22:35', '2015-12-11 06:22:35'),
(180, 1, 'NQRHc1Aw4NGYpvd8UJHdacDUcMoN6CWT', '2015-12-11 06:28:07', '2015-12-11 06:28:07'),
(181, 1, 'lNch1fxa3m3v7w7QaQKOxJSAq8MM1oWV', '2015-12-11 08:12:57', '2015-12-11 08:12:57'),
(182, 1, 'AhU6Q1goojDW2QHqZtWGrOFIJ5yvyN29', '2015-12-11 09:16:19', '2015-12-11 09:16:19'),
(183, 1, 'HlNikcVYXQjaM4RTiuBaXpUVHvz6BVRD', '2015-12-12 11:53:54', '2015-12-12 11:53:54'),
(184, 1, 'aNFY4tCtnikY3dkpYL5GCTNiU3uil6dK', '2015-12-15 08:16:12', '2015-12-15 08:16:12'),
(185, 1, 'uFP0pEF4i8hpkuXI3XbN5HyyL45IEg9d', '2015-12-15 08:23:42', '2015-12-15 08:23:42'),
(186, 1, 'vHVcNsAZ5cHqBBCBesd8a4O5bWERDwta', '2015-12-15 09:00:17', '2015-12-15 09:00:17'),
(187, 1, 'ChWOSdh7XwdgcCY811PGvll0OvNwuijO', '2015-12-15 09:00:39', '2015-12-15 09:00:39'),
(188, 1, 'HmekPBJ7ICRGCVPXebGjrXKaeqFxAsUz', '2015-12-15 16:10:11', '2015-12-15 16:10:11'),
(189, 1, '3Y7IXo5Fav5lMC18YJOBaw3LyGm3Zqti', '2015-12-16 05:48:39', '2015-12-16 05:48:39'),
(190, 1, 'VWfHAS0MK3w8urby0C1O5gBydkw5nRXt', '2015-12-16 06:37:52', '2015-12-16 06:37:52'),
(192, 1, 'x18zuJwn8SteKHNbt4URG9Uq1XR0f2Pi', '2015-12-17 05:15:37', '2015-12-17 05:15:37'),
(193, 1, 'mf0llY1RIuyVIBH7UZnwayL1EaVgaFFX', '2015-12-17 06:26:48', '2015-12-17 06:26:48'),
(194, 1, 'z9DhpWh9V8MpvWZSwFjx0hKFxoI2DGgK', '2015-12-17 07:34:29', '2015-12-17 07:34:29'),
(195, 1, 'CR87O4WkLFp06iAR7lqniAlqjmh1k8we', '2015-12-17 10:03:19', '2015-12-17 10:03:19'),
(196, 1, 'cPDJLvk735GPW0ra0gW4t56wJ5pDmMRk', '2015-12-18 05:56:23', '2015-12-18 05:56:23'),
(197, 1, 'oVn2YFQRwd2gAWhlclpXyDrhjeVppsLU', '2015-12-18 06:36:31', '2015-12-18 06:36:31'),
(198, 1, 'vuNBEvFcd18udu3JQnsW0ofs2KzferFr', '2015-12-18 11:48:06', '2015-12-18 11:48:06'),
(199, 1, 'Ywq2iUj3JoQ0Nm3RfYTVYVEHmaQdebk9', '2015-12-18 12:47:28', '2015-12-18 12:47:28'),
(201, 1, 'qQwfqZPYXB5z1AGj6X0sA564nSQFxfAK', '2015-12-19 07:59:07', '2015-12-19 07:59:07'),
(205, 1, 'vcFhrXNme0lqyD9NHvhq70lohOEjKwXm', '2015-12-19 09:47:59', '2015-12-19 09:47:59'),
(221, 1, 'v8PGTwhcVg9tbCprRcnz7O51wzOd7u6E', '2015-12-19 14:02:04', '2015-12-19 14:02:04'),
(222, 1, 'NqZN9jtcJEUBarUEcjhBHW3WEKeC7Y4U', '2015-12-22 09:06:49', '2015-12-22 09:06:49'),
(223, 1, 'JCXWsqKC99RPpa6ETVbmnuEwv6bBuQdL', '2015-12-29 04:46:56', '2015-12-29 04:46:56'),
(224, 1, 'oDVXJBM8w9YRFKWb8HbGYD8TGtlt3X4b', '2015-12-30 06:01:35', '2015-12-30 06:01:35'),
(225, 1, 'Ao8BnmQ433VKsCngYlkBA3XwmdG6KxtH', '2015-12-31 11:01:50', '2015-12-31 11:01:50'),
(226, 1, 'iRxZ1afS4VTBy5VwpG5NQxQISj8EnNVP', '2015-12-31 12:10:39', '2015-12-31 12:10:39'),
(227, 1, 'k37znZ2CQPln2OLinYELHQ2Tkw8j56ht', '2016-01-01 04:44:34', '2016-01-01 04:44:34'),
(228, 1, '3PjJ5RyRe8ZPBHfQ9ro1UI3iVhG49rGR', '2016-01-01 05:11:05', '2016-01-01 05:11:05'),
(229, 1, 'BLBuxGAaqABxtg08U0SO5L8RYf3YTlrJ', '2016-01-05 05:53:26', '2016-01-05 05:53:26'),
(230, 1, '3GezeUSlnh72asykrBlhVqlOZW9dVBgc', '2016-01-07 06:03:28', '2016-01-07 06:03:28'),
(233, 1, 'U04AcwG7T17Ky9gy72tThaE5pa7cMKRb', '2016-01-08 08:56:55', '2016-01-08 08:56:55'),
(234, 1, 'NKfuqj7oiybLSyVEn4gfvgzdlrTIYXJh', '2016-01-08 11:00:23', '2016-01-08 11:00:23'),
(236, 1, 'HIJ6IMqSV3EybIZFiNu3cxpbabgBbqWy', '2016-01-09 14:05:32', '2016-01-09 14:05:32'),
(238, 1, 'sWxeUSntPPSkt6pQp0llxmHLbkEaChYD', '2016-01-13 15:22:14', '2016-01-13 15:22:14'),
(239, 1, 'ZJD3jkIsNXOfl3Ns3h7Zdc1c8YTWZszk', '2016-01-20 10:51:02', '2016-01-20 10:51:02'),
(240, 1, 'IYTXwaz9POTqnhccszxP5xrsVS6pVfsT', '2016-01-20 12:17:09', '2016-01-20 12:17:09'),
(247, 1, 'sK03UtbWuendDySxW4QHNwFk7oUfGGQh', '2016-01-22 11:21:02', '2016-01-22 11:21:02'),
(248, 1, 'cEupKusIH32KPfSFxsgrNsbyPtOrAKmJ', '2016-01-24 18:55:37', '2016-01-24 18:55:37'),
(249, 1, 'rh3YgfuzOeuR1XTHcv6C8va0IeF6suBG', '2016-01-27 09:57:20', '2016-01-27 09:57:20'),
(251, 1, 'O43TYM85iDgTel2AL9Vx9R0XfCQBkLVi', '2016-01-29 05:40:07', '2016-01-29 05:40:07'),
(252, 1, 'PwS9qjcqbOWH0Vfmi3r2Rsyt6DD4a0Zu', '2016-01-30 05:50:25', '2016-01-30 05:50:25'),
(253, 1, 'zPd7scLweBBjdsNU4z9W1ypNHkJXUluh', '2016-02-02 08:31:41', '2016-02-02 08:31:41'),
(254, 1, 'Bs7DtcBQghw6pIARDwkUTAQlFNDmBoJH', '2016-02-03 05:40:54', '2016-02-03 05:40:54'),
(255, 1, 'pHG2p2qNOyL7yGHs64ZEIlMi3gWIKoqA', '2016-02-03 09:47:42', '2016-02-03 09:47:42'),
(256, 1, '98beL2w2JCdq6tPhm8WI8aJhOn1rImR4', '2016-02-06 05:12:46', '2016-02-06 05:12:46'),
(257, 1, 'T5TIVTIWDNAQJmGWyidQyREJ5I4FzgZR', '2016-02-06 05:15:01', '2016-02-06 05:15:01'),
(258, 1, 'EnBjEdYhWPx3Oy15aRAWG4DKqhwRv5ov', '2016-02-06 08:27:20', '2016-02-06 08:27:20'),
(259, 1, 'CsMADZrehJhqSi5ZLjW818I2w4CfHDSr', '2016-02-06 08:33:35', '2016-02-06 08:33:35'),
(260, 1, 'azAaPIxSHpYhnaoX0dJSDMLNqc8lcmJc', '2016-02-09 04:52:54', '2016-02-09 04:52:54'),
(261, 1, 'HKxd27kS2kMSM2HrTAKv43R3KbDrswhA', '2016-02-09 07:19:08', '2016-02-09 07:19:08'),
(262, 1, '48Ubx2II5G9sO0mFRXvuDZ2Y7nPfD6GL', '2016-02-09 10:00:34', '2016-02-09 10:00:34'),
(263, 1, 'vT3WOvD54FuXTHFUCCGDZJTMESQGIyLm', '2016-02-10 04:37:06', '2016-02-10 04:37:06'),
(264, 1, 'wbqdkltHpAMPJBwCArq8ofEOJM78ijA8', '2016-02-11 05:56:27', '2016-02-11 05:56:27'),
(265, 1, 'rg7fD0sVCXY1tKniF72qcMC2yMT7qiIW', '2016-02-11 05:59:18', '2016-02-11 05:59:18'),
(266, 1, 'TiysVzWSHW41jwJVXICfb2HKf8SbffrA', '2016-02-11 06:57:37', '2016-02-11 06:57:37'),
(267, 1, '8W8ebwDb7e6y09mrOLNIbK1NRau4COMD', '2016-02-11 09:58:24', '2016-02-11 09:58:24'),
(268, 1, 'ZiFrNARlSVBjkIbrjZ7onhY0tJzQz507', '2016-02-12 07:15:09', '2016-02-12 07:15:09'),
(270, 1, 'mP5f65vcNaweLd9PJCf3Pk9IVnME5RBf', '2016-02-13 07:56:40', '2016-02-13 07:56:40'),
(271, 1, 'tdu6OzlLAyNW4sluvHCEWds5ZxP0bxS4', '2016-02-14 01:20:12', '2016-02-14 01:20:12'),
(275, 1, 'ztbunZDOv1s9QIiNz7RFxluWuSYbg8Fa', '2016-02-29 19:05:19', '2016-02-29 19:05:19'),
(276, 1, 'hLmFelaXvujhsSGwNlU7lfcyJpmYLnGk', '2016-03-02 16:17:03', '2016-03-02 16:17:03'),
(277, 1, 'XB9vR14I8dis89PH6B87A7TLhZKXaXJm', '2016-03-02 18:54:12', '2016-03-02 18:54:12'),
(278, 1, 'kQeWQK85H1BrXV1SCJfc27Fmw6Wp3oyN', '2016-03-02 19:30:33', '2016-03-02 19:30:33'),
(279, 1, 'WIQSxD6QHb4PFG2aU4Ha6jEj3uBub0cs', '2016-03-03 23:11:41', '2016-03-03 23:11:41'),
(280, 1, 'AEVdOFQIJrN97odGu8wIzsxDq2ZXvdp0', '2016-03-07 16:41:17', '2016-03-07 16:41:17'),
(281, 1, '94wd5Y0M2Kps5m7ie7cPccjEjOKpMQNy', '2016-03-07 16:46:38', '2016-03-07 16:46:38'),
(282, 1, 'DPVodfpPkU8Kz5mWCt3JAlqo6fwGbuxo', '2016-03-07 17:42:12', '2016-03-07 17:42:12'),
(283, 1, 'VGvZq0gH0YS1imjFqXLlvrG0WX7SOAcU', '2016-03-08 16:40:20', '2016-03-08 16:40:20'),
(284, 1, 'ANi2cc4LPzquSUcuvQpVzYcRuVOAutaZ', '2016-03-08 19:51:06', '2016-03-08 19:51:06'),
(285, 1, 'ilHKy865x9mgPlXMJP4l5fMJrkOqZLZc', '2016-03-08 21:39:59', '2016-03-08 21:39:59'),
(286, 1, 'QsNTMqkvHRecWfEJ6H1NWcaxSs1oNvfw', '2016-03-09 03:18:58', '2016-03-09 03:18:58'),
(287, 1, '37SnOgQXkjLfYjP4izY4X1UR1iXQ3Ssp', '2016-03-09 16:42:10', '2016-03-09 16:42:10'),
(288, 1, 'mpppkJaenoQAVtCIfkY36F35y1HlT86S', '2016-03-09 19:28:57', '2016-03-09 19:28:57'),
(289, 1, 'Ftyf3YMVMk5d5O0KjxdIyH0vTheyr7DR', '2016-03-10 16:50:23', '2016-03-10 16:50:23'),
(290, 1, '0LUVNJqQ667EUhMzzza8qehmqdvwRD4V', '2016-03-10 20:57:26', '2016-03-10 20:57:26'),
(291, 1, 'W2l6Ih8MTSrv0teq6J7rx42EH4oFCXy6', '2016-03-11 16:29:30', '2016-03-11 16:29:30'),
(292, 1, '2WDNZ8YPZQBPvCjkqaMLcrG2bHNpiSx2', '2016-03-14 16:23:02', '2016-03-14 16:23:02'),
(293, 1, 'sIzDhM5WZMUPdch0erMFTXt6uNaxcn7G', '2016-03-15 15:11:22', '2016-03-15 15:11:22'),
(294, 1, 'vS1UwLmFUAIsNtD3bxL7mmzkFnwEybSF', '2016-03-15 16:53:33', '2016-03-15 16:53:33'),
(295, 1, 'im30jVklOWR7TySKNe21naGEanVatJYL', '2016-03-16 14:56:31', '2016-03-16 14:56:31'),
(296, 1, 'PT6rUzFfOsrLbETkHyRUxfTxgVLIHgIE', '2016-03-16 15:20:49', '2016-03-16 15:20:49'),
(297, 1, 'Hy47UymE9xA7JsfjGCjefolnkVOOMTwY', '2016-03-16 22:23:41', '2016-03-16 22:23:41'),
(298, 1, 'paA1vDiDZxGtFx61LWWMV7tZqeNrCUW1', '2016-03-16 22:29:10', '2016-03-16 22:29:10'),
(299, 1, 'x5gISkPux4CamFmVoaeoYsPImFfBGpef', '2016-03-17 00:07:05', '2016-03-17 00:07:05'),
(300, 1, 'yjn0mOUVW3y7UVevY9DKSECOggs96j6r', '2016-03-18 17:19:44', '2016-03-18 17:19:44'),
(301, 1, 'GoIQf7DmVGs40YbFL7T8BVtbiQ8R8uBh', '2016-03-23 15:44:19', '2016-03-23 15:44:19'),
(302, 1, 'DvjAiVcASbqobvNMqzIhVBdm6jofQdt1', '2016-03-23 16:17:21', '2016-03-23 16:17:21'),
(303, 1, 'QBOZsaTD6i22spqeC2vgG2yIgCh8dwnG', '2016-03-23 16:30:56', '2016-03-23 16:30:56'),
(304, 1, 'u1lErExOOF3HRLDmIx6hruoN94qS9Dsn', '2016-03-23 16:59:47', '2016-03-23 16:59:47'),
(305, 1, 'cbIVuXZn5wyzsTGZHKxVDjLB7SLOPSYD', '2016-03-28 21:03:00', '2016-03-28 21:03:00'),
(307, 1, 'CpIqZbEGoqDFJKxHET5h3C0pzDZdvnKn', '2016-03-29 17:21:21', '2016-03-29 17:21:21'),
(308, 1, 'byerYGBIbsMg4CfY7aidC1ZNYsnmj1E6', '2016-03-30 20:43:20', '2016-03-30 20:43:20'),
(310, 1, 'ICBM7yj3By39IICV1jkoIKJxh1FFpOzg', '2016-03-30 23:07:58', '2016-03-30 23:07:58'),
(311, 1, 'hYZ8uFrbW213bFWW2IIBXFQOq5B04Kbj', '2016-03-31 15:10:55', '2016-03-31 15:10:55'),
(312, 1, 'nFv4bXOYipFv5Ix6zhKSpR1wyNhobj99', '2016-04-01 21:07:40', '2016-04-01 21:07:40'),
(313, 1, 'KHu9yIGB16YvrDV2FEWOq8BQ6PvMbKl8', '2016-04-25 15:52:04', '2016-04-25 15:52:04'),
(315, 1, '7FoQgzabeFRIWL1M7ZPsm3z9PG8F1Ugo', '2016-04-26 16:31:21', '2016-04-26 16:31:21'),
(316, 1, 'OdnZDFviqrfXC8WrQ2Cb6ZDvYz8nPgRx', '2016-04-27 21:07:40', '2016-04-27 21:07:40'),
(317, 1, 'kOebcJr1JJG5wUk5fhOfGhHxHnLOwSvc', '2016-05-02 05:48:45', '2016-05-02 05:48:45'),
(320, 1, 'ggE3UJheRV8uDVSOh95l2o0aefxiuPKt', '2016-05-02 15:34:11', '2016-05-02 15:34:11'),
(321, 1, '53mvW0wlHIMVAW0H00HVg9zkesJ4OhXD', '2016-05-02 15:57:17', '2016-05-02 15:57:17'),
(322, 1, 'hRCPvsEyyjmKVeHCXisqCoaXBYCxaScN', '2016-05-03 00:22:32', '2016-05-03 00:22:32'),
(323, 1, 'cTlcwjYOxTY6ZJCrkMNEnO5b5TzMmEGB', '2016-05-03 16:04:46', '2016-05-03 16:04:46'),
(324, 1, 'vmqEkzTG3IbAneq5OOjHzSqucV35AmnD', '2016-11-01 21:47:58', '2016-11-01 21:47:58'),
(325, 1, 'BW01QCJOOLoZIO8VUJnF52vIbu2rc11g', '2016-11-02 14:39:37', '2016-11-02 14:39:37'),
(326, 1, 'FzWFz0LRPiRYtqrp0ZYERRRuAbG1yYiV', '2016-11-09 01:48:50', '2016-11-09 01:48:50'),
(327, 1, '0xAj653k46fiqUDh19Ckozg3ZyytnCH0', '2016-11-09 18:53:05', '2016-11-09 18:53:05'),
(328, 1, '6OwwOXig9X0lFtXXVrYgJ8SrkoLgzEvg', '2016-11-10 17:21:43', '2016-11-10 17:21:43'),
(329, 1, 'FnxCrE4ava77Pf646SgsJhZZcMIfODMy', '2016-11-10 21:37:29', '2016-11-10 21:37:29'),
(330, 1, 'hXKEok3YM5YjXZjMQuL7T14hAmz43BJH', '2016-11-16 23:50:10', '2016-11-16 23:50:10'),
(331, 1, 'WlPtomsC2L3hnU7xIpW81oFQENGiNNaB', '2016-11-17 15:33:54', '2016-11-17 15:33:54'),
(332, 1, 'liZqeZ1qON6xfJK7g2oCtLjbxcjkUBCS', '2016-11-18 15:49:34', '2016-11-18 15:49:34'),
(333, 1, '0eTUyc0uXgk1fRS0dDaGQUdXVVapU8ts', '2016-11-18 21:04:38', '2016-11-18 21:04:38'),
(334, 1, 'nUEqpH5Mf6sLxlaTi9sULwKMMgVLYp2a', '2016-11-21 15:59:03', '2016-11-21 15:59:03'),
(335, 1, '88kA0cgf81T7zClaZff6EnvhJNcUtaSf', '2016-11-21 21:07:54', '2016-11-21 21:07:54'),
(336, 1, 'VepF1pmmoT2kFPHwKDIFkF6kb34GMdNs', '2016-11-22 15:24:59', '2016-11-22 15:24:59'),
(337, 1, 'nPKUHcWR3obf890hffnSkhzBH7IGFrlp', '2016-11-22 19:00:15', '2016-11-22 19:00:15'),
(338, 1, 'l4KFahczm29zpo7TakPGJM9qHJWAxOAQ', '2016-11-23 19:34:22', '2016-11-23 19:34:22'),
(339, 1, 'luOKV6kdrS9iGE56uw85la2ddiCvN67F', '2016-11-24 15:41:20', '2016-11-24 15:41:20'),
(341, 1, 'RIo4FfgIOAjDS1jjYUvtUNGBH9wjhuKY', '2016-11-28 15:35:34', '2016-11-28 15:35:34'),
(342, 1, 'OnbCVCBgNJdKh2zqX3kDgNYi4SCfSzur', '2016-11-29 15:37:22', '2016-11-29 15:37:22'),
(343, 1, 'MEYNvMqzpb5SvUki1HoGiebSnkOV6uOw', '2016-11-30 15:45:37', '2016-11-30 15:45:37'),
(344, 1, 'HmqRCpKWJ37CB8sDmMaSzn2JCE22ogQP', '2016-12-01 15:40:55', '2016-12-01 15:40:55'),
(345, 1, 'Dpbs7U9zUKm1747oicIGoLGugCMFRJXu', '2016-12-05 16:12:14', '2016-12-05 16:12:14'),
(346, 1, 'IxBT0XnquRWKn6LdI08QGNWZlGpILa1m', '2016-12-06 16:00:17', '2016-12-06 16:00:17'),
(347, 1, 'J0GWjCrIGjcxAeezuVTwr23G0tX8z9FA', '2016-12-06 19:40:21', '2016-12-06 19:40:21'),
(348, 1, '40aMIDL7SIahLW5qCDogsFDB5jrjSrAl', '2016-12-07 15:46:01', '2016-12-07 15:46:01'),
(349, 1, 'UWX5assFv0BqZHtAYvNLjj3vZBeS4F8S', '2016-12-08 16:08:25', '2016-12-08 16:08:25'),
(350, 1, 'YxETIww2Np3mmklNscNLHuro63gm80n6', '2016-12-08 21:10:45', '2016-12-08 21:10:45'),
(351, 1, 'arQP0rVbLNbuSAhBMdvb8d708jPVs7TS', '2016-12-09 16:19:26', '2016-12-09 16:19:26'),
(352, 1, 'xFAbEiz775LC7qKnr3Hnhrk6CnFicY4N', '2016-12-09 21:53:24', '2016-12-09 21:53:24'),
(353, 1, '2zXNR8a9dPx6Yh6jhqkdlXMH2uAdvWq2', '2016-12-14 16:31:01', '2016-12-14 16:31:01'),
(354, 1, 'U6yuAZYyUpFDYdIUh3ttI034vFbyOOtF', '2016-12-14 22:23:47', '2016-12-14 22:23:47'),
(355, 1, 'rn1PCB8xyinSDZzM6FveYtdRkwEYv7or', '2016-12-15 16:32:12', '2016-12-15 16:32:12'),
(356, 1, '89O8WwMadX6nZsPQVwVI5amH0KfcBG69', '2016-12-15 20:39:59', '2016-12-15 20:39:59'),
(357, 1, 'ODUR6IbIZjp6m0WlUkRBJCxWBmYy2uCP', '2016-12-28 16:09:32', '2016-12-28 16:09:32'),
(358, 1, 'PRhfdm4BXCA6VVTmJmJp2A8cck1fmQOs', '2016-12-29 21:18:03', '2016-12-29 21:18:03'),
(359, 1, 'MX2BtaL7IbVo0M9cOjHgGKtv0W3qsfvN', '2016-12-30 16:49:48', '2016-12-30 16:49:48'),
(360, 1, 'URDmiIwst9p7AH752meBRy5jnmmn12iQ', '2016-12-30 22:02:32', '2016-12-30 22:02:32'),
(368, 1, 'Xgq5p1wpwa6nMCh71oawtjYyaDBqFF0Z', '2017-01-15 11:48:10', '2017-01-15 11:48:10'),
(380, 1, 'YTOyGClrQ6j10dPZK2sEsgVdSq2z1KXp', '2017-01-16 11:37:15', '2017-01-16 11:37:15'),
(385, 1, '30rPT91aUiZggV1KuNyKH3qmhZKYUzBO', '2017-01-19 07:57:49', '2017-01-19 07:57:49'),
(386, 1, 'NMo6ESSw8QVNQcewukGFL6Wnt2tJv7FB', '2017-01-19 13:42:11', '2017-01-19 13:42:11'),
(389, 1, 'EYdjNai3eG7Yd6zYQBvUiUkI3yfj6YCk', '2017-01-20 08:31:39', '2017-01-20 08:31:39'),
(393, 1, 'XG5ZK9wWhKtftpzeVlFOyotpfn72STI4', '2017-01-22 20:53:01', '2017-01-22 20:53:01'),
(400, 1, 'vQp8uS1ljqj4UhabgjDjcP7rW0vSoXeJ', '2017-01-24 01:38:00', '2017-01-24 01:38:00'),
(401, 9, 'SWyNFqRVA8qiuWgNylGD5deH9FPDjdrk', '2017-01-24 01:45:43', '2017-01-24 01:45:43'),
(402, 1, 'dfnpIy8kp33r1SzHMChUkh2JZHe5dGRO', '2017-01-24 18:30:38', '2017-01-24 18:30:38'),
(403, 1, '33EGJXIDAduqWCSifVsPmVuMTJyLnquR', '2017-01-24 19:22:19', '2017-01-24 19:22:19'),
(406, 1, 'ZG0iCyctnYgcnkTIGV9H07fXE8s33bkd', '2017-01-25 21:35:52', '2017-01-25 21:35:52'),
(407, 9, 'bvZmNj56MW8nev4UoSExXEAjHnNtIYd7', '2017-01-25 23:08:45', '2017-01-25 23:08:45'),
(408, 1, 'ikDhS95qhS3n3tJo6foqD3TNlJ0hTMky', '2017-01-26 21:47:07', '2017-01-26 21:47:07'),
(410, 1, 'P4KSBwXBVdxIdzqUiEgofSv1K8YnWyUt', '2017-01-28 15:35:11', '2017-01-28 15:35:11'),
(415, 9, 'fHy1CJ8ZNAENNJRR2AbRxO1q3NgwDSya', '2017-01-28 18:06:57', '2017-01-28 18:06:57'),
(416, 1, 'vmnV6viMKGospBjxZN5KeJlr2JfieB80', '2017-02-08 05:00:34', '2017-02-08 05:00:34'),
(417, 1, '6FNWIuuJK9UlpO1Fic0Q0yTcYX7oRXfx', '2017-02-20 18:55:15', '2017-02-20 18:55:15'),
(418, 1, 'q9AXtBPt6ECX67wEusA6AAPWzSgSafLj', '2017-02-20 18:56:40', '2017-02-20 18:56:40'),
(420, 9, 'hS7zYXzFL2iFSdSWDW7ykwKc4khfQe2L', '2017-02-20 20:06:22', '2017-02-20 20:06:22'),
(421, 1, '9hjq43wKRKSBmxY2t3ZOejwktrvjSMEH', '2017-02-20 20:14:42', '2017-02-20 20:14:42'),
(422, 1, 'uLoVafnA4TgQrblXUJBhfA89DUWnD9Vq', '2017-02-22 20:07:53', '2017-02-22 20:07:53'),
(423, 1, '7OV8S0oBOY4rGatHhiaAzypR1DGDaZNa', '2017-02-23 20:11:41', '2017-02-23 20:11:41'),
(424, 1, 'UYUmFphBxnfpBAQyy5Uy2O60clf2v5uy', '2017-03-13 04:46:13', '2017-03-13 04:46:13'),
(425, 1, 'nVM4Mqyd6CqQyiK66KDV2RcpFlqC7iHK', '2017-03-13 05:23:52', '2017-03-13 05:23:52'),
(426, 1, 'h3pToQYIaz2jvgU4AMwUNjEc1EyTDj1Q', '2017-03-15 02:51:17', '2017-03-15 02:51:17'),
(427, 1, 'rmia1KYiKPpTgCceikY640kRsRQL24Uc', '2017-03-25 17:15:45', '2017-03-25 17:15:45'),
(428, 1, 'RkCnVMzn79IghbqS6Tol1iXpMovbLeym', '2017-03-26 15:39:41', '2017-03-26 15:39:41'),
(429, 1, '2RDU3tFlFxsv7L2cTLSgcpRGVbwjCW8G', '2017-03-27 20:19:51', '2017-03-27 20:19:51'),
(430, 1, 'A3NKM0u6WIRHFIPKWVrpRChKOWenNmNz', '2017-03-29 15:28:16', '2017-03-29 15:28:16'),
(431, 1, 'JjBwd9vjdA5lkf7Egmo2XDWkCm4wM3S6', '2017-03-29 20:05:37', '2017-03-29 20:05:37'),
(432, 1, 'TvgVvDLvHaMuIbcV5lvteo65rkYWTuzy', '2017-03-30 02:50:46', '2017-03-30 02:50:46'),
(433, 1, 'xXXlnxXtruorIKPg2zFRLQdNAbOPgulY', '2017-03-31 01:27:47', '2017-03-31 01:27:47'),
(435, 1, 'GfPMoIyrNnVSA43DaXYUoo5oJeEnaIKl', '2017-04-02 04:05:38', '2017-04-02 04:05:38'),
(436, 1, 'cln4DtiKEDuQxodFRDw4Lcra8cGQeIMz', '2017-04-02 14:47:12', '2017-04-02 14:47:12'),
(437, 1, 'gDbjgjlpQr6KOjlMh9pB4bHKi5cp1Wrc', '2017-04-04 03:10:08', '2017-04-04 03:10:08'),
(438, 1, 'FrI0pkXa4NwLpsn3Pi1PH3A0otWeGruU', '2017-04-04 04:49:27', '2017-04-04 04:49:27'),
(439, 1, 'beJtoHPg0Ht1NsKFVakpduMdidW8GpFm', '2017-04-05 03:57:48', '2017-04-05 03:57:48'),
(440, 1, '9ltPoQR91755nbeUztRi9xx8BY3cqz2J', '2017-04-06 04:09:20', '2017-04-06 04:09:20'),
(441, 1, 'UPyLjrn0wB0zzQ6zVKlxWCRPo9n73Vw1', '2017-04-06 04:59:11', '2017-04-06 04:59:11'),
(442, 1, 'YlEMN7x1ZBG3yPGYX2RVjd0iiwoPNWk4', '2017-04-09 19:45:13', '2017-04-09 19:45:13'),
(443, 9, '5pZReIfyiIz7EIjW3qfbRrmRWsMCV2xD', '2017-04-10 17:39:34', '2017-04-10 17:39:34'),
(447, 1, 'VrEBinxz1hTXXmiPVeefL138I4iSWQ52', '2017-04-11 16:13:34', '2017-04-11 16:13:34'),
(448, 1, 'kDXffNhbdLtlC2lNLnlf4HST4FI6kdal', '2017-04-12 18:07:44', '2017-04-12 18:07:44'),
(449, 1, 'lK9nPuYw3iWpNs3x5MbByORZxlWm8fim', '2017-04-12 18:21:37', '2017-04-12 18:21:37'),
(450, 9, '0aY6n6847RBlgl4dZT6e3IdzDL1sq0Xq', '2017-04-12 18:22:51', '2017-04-12 18:22:51'),
(452, 9, 'TABN9b6WT0CYjifUjMsRam5aERlRbjzZ', '2017-04-12 20:25:33', '2017-04-12 20:25:33'),
(453, 9, 'buJbqy4uYLHDQ3RdZGgliHXVjLAlAj8h', '2017-04-13 18:22:36', '2017-04-13 18:22:36'),
(455, 9, 'WZcJMFiKO3ZRhVgqVjLweteggAmdW7Tt', '2017-04-14 00:27:48', '2017-04-14 00:27:48'),
(456, 9, 'eBjaIKb8G8ugqfKIY9n5ArRJtHmu3Gsm', '2017-04-17 14:55:58', '2017-04-17 14:55:58'),
(457, 9, 'WS5SwpOuTeZAnYhQilFL0Xb0Y4b77N2h', '2017-04-17 15:03:45', '2017-04-17 15:03:45'),
(458, 9, '411nM5xC2dt3oMeSCiEl5I0lhz2Aqj8D', '2017-04-17 22:04:03', '2017-04-17 22:04:03'),
(460, 9, 'Djxgc5Jgai6TbvOk2rjzsNAPZWuTaKeH', '2017-04-18 18:25:58', '2017-04-18 18:25:58'),
(461, 9, 'qqD2PlrD3qJLRsYty7FHpDyrJQxIhiLO', '2017-04-19 04:39:04', '2017-04-19 04:39:04'),
(464, 9, 'xSxreVLlbTYg46jkRqTskBIPW89IDwpS', '2017-04-24 18:22:41', '2017-04-24 18:22:41'),
(465, 9, '14gp3LskVafODeQwTDw6h6hxgunp8mHf', '2017-04-24 19:15:52', '2017-04-24 19:15:52'),
(468, 9, 'kQ30zVbjLum6rqBwhy90Up4mcm6NcFSi', '2017-04-26 18:58:26', '2017-04-26 18:58:26'),
(469, 9, '3bqBJ0wnW7HOeeEfWLF2JoqeQ2PBzCHz', '2017-04-26 22:59:15', '2017-04-26 22:59:15'),
(472, 9, 'Z4INZw1dg8oynP4OD3tZmAY5hzOjPTEh', '2017-05-02 15:39:03', '2017-05-02 15:39:03'),
(478, 9, 'EdRqaQPyavSjqIcaq82t1vmc9f7mYcuu', '2017-05-09 03:50:40', '2017-05-09 03:50:40'),
(484, 9, 'Ri9Ea0mfx2LagbGD8BSyLt6fkgxJbfcr', '2017-05-09 21:50:23', '2017-05-09 21:50:23'),
(485, 9, '8Vj5ePjyRAICMixCletCXCDtP4HR2JBX', '2017-05-12 20:34:38', '2017-05-12 20:34:38'),
(488, 9, 'jmk6mdzwom7URjlYx9GHsb1JlZifHPSv', '2017-05-15 18:41:51', '2017-05-15 18:41:51'),
(489, 9, 'NTNI9SUXhMFjsw65hdWMpBoP07BV3y1q', '2017-05-23 18:12:10', '2017-05-23 18:12:10'),
(491, 1, 'd6f8zbo1u9lGbzYPuTFcQ4jwHm1d82KV', '2017-05-23 18:58:55', '2017-05-23 18:58:55'),
(492, 9, '90SqsYXsn0Vo2t3j0X3bqiLvjbvfJHPd', '2017-05-23 19:14:23', '2017-05-23 19:14:23'),
(493, 9, 'HbYU4JGhFiXXGwA7nharo80hoOg8xuC4', '2017-05-23 19:24:44', '2017-05-23 19:24:44'),
(494, 9, 'eB0gnJuRxuRFiBhjLfDFByoinXons3xZ', '2017-05-23 19:27:50', '2017-05-23 19:27:50'),
(495, 9, 'CuU8HSHiMhmMvb6qVDmcNsL0chZp6SWy', '2017-05-23 23:46:22', '2017-05-23 23:46:22'),
(496, 9, 'PWTkpZeVGSdtwt9IC0g0icmk1gFSlfGv', '2017-06-15 05:05:43', '2017-06-15 05:05:43'),
(497, 9, 's49fFnklRpF5OOS2jYXRoutH5VqEFewt', '2017-09-02 20:14:41', '2017-09-02 20:14:41'),
(499, 9, 'ZACd7QKPIDrMopxrvsAFCULxDo7PX2br', '2017-09-03 03:41:27', '2017-09-03 03:41:27'),
(500, 1, 'xVHdxpCRdZF2nDHP9lLeIoHpX2PXj5Yc', '2017-09-08 04:45:27', '2017-09-08 04:45:27'),
(501, 1, 'bW88sq8eaaw6u1QvEngEq5YVVQ2qhFzX', '2017-09-08 05:07:13', '2017-09-08 05:07:13'),
(502, 1, 'PlIhwjZkcOwqngtSzdRZIbtR0UGwXv6o', '2017-09-09 02:25:32', '2017-09-09 02:25:32'),
(503, 1, 'OyWtzOT01xuQEizw8ooxrqggOskOXisu', '2017-09-09 18:50:15', '2017-09-09 18:50:15'),
(504, 1, 'Z3KJTkiaygVFz1RpG5YGGHdpLCwPSzZI', '2017-09-10 03:09:51', '2017-09-10 03:09:51'),
(508, 9, 'BT1p2Bt9UqNx2JF1uBjJUQXTKiL3lejO', '2017-09-11 19:09:19', '2017-09-11 19:09:19'),
(514, 9, 'BKOgFtE1cNnrnCCR299Xh2ZRpa0L5iao', '2017-09-18 01:01:18', '2017-09-18 01:01:18'),
(515, 9, 'gdtOIPY5rI05ZHILzGZr0m4tkGAfCvcq', '2017-09-18 13:52:26', '2017-09-18 13:52:26'),
(516, 9, 'LlMhuZP8B47nJ4ORhq7uACPtaXdOv2yo', '2017-09-18 16:27:54', '2017-09-18 16:27:54'),
(517, 9, 'YMVZKtIuDyVFhS7v29nO48C5WsL8JjZF', '2017-09-18 20:38:13', '2017-09-18 20:38:13'),
(518, 9, 'BvJ12OugoJhgJs9isQL9br24C7YyTD8j', '2017-09-18 23:37:29', '2017-09-18 23:37:29'),
(519, 9, '8qcp6wNVPRBaCMpXkNQvolSpnNLDcUB7', '2017-09-19 16:16:13', '2017-09-19 16:16:13'),
(520, 9, 'TqibeIg2QSEsQDyC7LcK59VAKKMipkpn', '2017-09-25 21:42:02', '2017-09-25 21:42:02'),
(521, 9, 'a6R8PaA9vwIpGxN7MlLJuVUveYS1LpPH', '2017-09-26 01:16:18', '2017-09-26 01:16:18'),
(522, 9, 'WmzWXCLtADZ2X8xk6dEBRciyq1Ua7yiU', '2017-09-26 16:20:13', '2017-09-26 16:20:13'),
(523, 9, 'S2ojiPFjhkcqLoQ7Oi5R7lY4FGrmTJVN', '2017-09-26 16:25:28', '2017-09-26 16:25:28'),
(524, 9, 'kAl7L3eJgJYVHpbAl6WhEi8xMNnYPpnr', '2017-09-26 17:16:23', '2017-09-26 17:16:23'),
(525, 1, 'xLk8EQyXw0Sust6JfEFjOVGUuTQySRte', '2017-09-29 06:21:45', '2017-09-29 06:21:45'),
(526, 9, 'vdahqrLd0RHiCr5b8h6iKGDJFPdFAOe8', '2017-09-29 15:27:13', '2017-09-29 15:27:13'),
(527, 9, 'WS1ZNJrVSOndMKv6IynLlgtKzsSf8hKA', '2017-09-29 15:30:17', '2017-09-29 15:30:17'),
(528, 9, 'IxRsRJOY2jDlbgw5sWeiAjCvOa3kR1Ac', '2017-09-29 16:07:18', '2017-09-29 16:07:18'),
(529, 9, 'gwwpv2D4cG911t35wH4YvCcyoVQvRElK', '2017-09-29 16:09:02', '2017-09-29 16:09:02'),
(530, 9, 'G76hJghdimBSj1PHvhLiQPvcBZ22VJyo', '2017-09-29 16:27:20', '2017-09-29 16:27:20'),
(531, 9, 'pIl45I3RQuHsbg9DrTifyp7FmOFvXAbI', '2017-09-30 02:05:59', '2017-09-30 02:05:59'),
(532, 9, 'Pke5IPK4IxTUkF6XqVjnZFDPsw6wbQnB', '2017-09-30 02:08:08', '2017-09-30 02:08:08'),
(533, 9, 'pfGDyVgBbQCoyWNf2Ejn4xZwTozIkv3B', '2017-09-30 02:08:41', '2017-09-30 02:08:41'),
(534, 9, 'seMjDAG5MVSZnFzYleDHHSC9NaLUolGe', '2017-09-30 02:41:47', '2017-09-30 02:41:47'),
(535, 9, 'T33Id6bhSDDM44aYkwA9qnrqtNlJQXP4', '2017-09-30 05:54:47', '2017-09-30 05:54:47'),
(536, 9, 'LSn1x97nqG5yVzXBEWISLl1ja6m5Q08X', '2017-09-30 17:34:39', '2017-09-30 17:34:39'),
(537, 9, 'vdRsiiXnYqZbCxQWcaLCzthap7hU23dp', '2017-09-30 17:40:34', '2017-09-30 17:40:34'),
(538, 9, 'fhBlMrOEYQDO18asgB6gkwykQ8bZeRtX', '2017-10-01 19:28:05', '2017-10-01 19:28:05'),
(539, 9, 'zvuEqTNzSvCLChO6DIs4EfS52N7OWFff', '2017-10-01 19:29:07', '2017-10-01 19:29:07'),
(540, 9, 'FkpaUFI9FUh4gYyAjtfoh7bH5APYRovj', '2017-10-01 19:42:16', '2017-10-01 19:42:16'),
(541, 9, 'RzQufcstJuydJLBpgzhlqJXDsjDwFc6d', '2017-10-02 02:03:09', '2017-10-02 02:03:09'),
(542, 9, 'RfkaWBmwUmem7zCfjuAsmZLAbXkp5Ig2', '2017-10-02 05:39:40', '2017-10-02 05:39:40'),
(543, 9, 'Lwu6hoQfWQw6j8oLZqxP0ZjiaKquushe', '2017-10-03 05:52:31', '2017-10-03 05:52:31'),
(544, 9, 'QjjlkcEEKa1OdtyoQm4Pv9NzvrjWf6ex', '2017-10-05 00:28:43', '2017-10-05 00:28:43'),
(545, 9, 'uoSHV0CE9x4cyKbZ2SHst8VusHh9yI2W', '2017-10-05 06:14:15', '2017-10-05 06:14:15'),
(546, 9, 'yWRBL2TfCaOD3lTV0NZpbtIRzZmz3E2X', '2017-10-05 16:18:06', '2017-10-05 16:18:06'),
(547, 9, '1JtgEc5RNqJTEGA9PRmjYVA14l6i0HkO', '2017-10-05 16:20:34', '2017-10-05 16:20:34'),
(548, 9, 'T7VDc2KEcM6TzknmM9uUz34rjLDypGTU', '2017-10-05 23:00:44', '2017-10-05 23:00:44'),
(549, 9, 'mBN5iNDSOWFAby7SuxyrnjyhlBmREhzI', '2017-10-05 23:02:50', '2017-10-05 23:02:50'),
(550, 9, 'dk1YRLRE1JUo291Q3tirAMHuXLoYef2B', '2017-10-06 17:27:30', '2017-10-06 17:27:30'),
(551, 9, 'ry2Bxvz3m6tnd1obdzz14I87nk0v9S3q', '2017-10-06 22:26:29', '2017-10-06 22:26:29'),
(552, 9, '7oI0DCpaw0fKfqw4Yi1LCcNHn9md25Y7', '2017-10-07 03:06:25', '2017-10-07 03:06:25'),
(553, 9, 'UWLFqE78A4roavDtn4MaMU2UkEB6ZONU', '2017-10-13 15:58:45', '2017-10-13 15:58:45'),
(554, 9, 'AvgDO5mzCwq8ljBGPwU3OViHsRmk5LJJ', '2017-10-14 05:32:52', '2017-10-14 05:32:52'),
(555, 9, 'YPKsclCuQwF09CaFt44LeootzbaOt1SI', '2017-10-14 15:59:43', '2017-10-14 15:59:43'),
(556, 9, 'IZitIuzqvCI0OawtFT6lKAp06Gs7qp6C', '2017-10-16 04:22:06', '2017-10-16 04:22:06'),
(557, 9, 'XLCgtKFdE1gMAb9l9eDGeZgPh6abkk3V', '2017-10-16 23:57:45', '2017-10-16 23:57:45'),
(558, 9, 'Yi7Zx70bcJUU7vpps5VJvQBtZT4foCpr', '2017-10-17 06:55:09', '2017-10-17 06:55:09'),
(559, 9, 'HYRmxSGdoDTRPMqCP8n2yfBNUG5mXns2', '2017-10-17 07:01:39', '2017-10-17 07:01:39'),
(560, 9, 'ahqLDDxwrfdCKCFYObRnRVevKcJJNzL9', '2017-10-17 16:12:25', '2017-10-17 16:12:25'),
(561, 9, 'ck2Mn5nPgvkoYz3YARZ5Pn6rA051QDIo', '2017-10-18 04:22:50', '2017-10-18 04:22:50'),
(562, 9, 'yHN07TYMOwVTw2uatqPnJkJCw22AqyTo', '2017-10-18 18:25:04', '2017-10-18 18:25:04'),
(563, 9, 'I01jFrfGjSCS4oWyv8zKu4V97CRWFkgA', '2017-10-19 23:09:07', '2017-10-19 23:09:07'),
(564, 9, 'UvPDFfNlJNCkH2BocvFt7mBjIlECD0yM', '2017-10-23 17:27:55', '2017-10-23 17:27:55'),
(565, 9, 'VlEihMHC1c4hBsHkXQtjplZ7iAfe2F5U', '2017-10-23 20:27:47', '2017-10-23 20:27:47'),
(566, 9, 'o9yhTxKN6OWSh615hlWUbDR5qNlVzNs7', '2017-10-24 07:26:56', '2017-10-24 07:26:56'),
(567, 9, 'nOMjhVqxiujlsCCuCeS6w4jUBOi84mmX', '2017-10-24 07:50:12', '2017-10-24 07:50:12'),
(568, 9, '2fPEfJZsHVc6rqP4Y8MCLNtzRWBcQhxT', '2017-10-25 01:07:09', '2017-10-25 01:07:09'),
(569, 9, 'zvR46vim4xH94YWmNpFV6G6zgT2yuGrg', '2017-10-25 16:40:21', '2017-10-25 16:40:21'),
(570, 9, '2zTswKmr9G9dnDMGjWqS08aJLvyqWX1x', '2017-10-27 17:03:09', '2017-10-27 17:03:09'),
(571, 9, 'gbjNHN3Rbfa7BpmESzLF2YldvN72HBeM', '2017-10-28 03:08:57', '2017-10-28 03:08:57'),
(572, 9, '2UuMu7Jk3XOr0Lp1qJ8i1tcw5QGQahgO', '2017-10-31 03:57:16', '2017-10-31 03:57:16'),
(574, 9, 'K9Qr6Vgbtn8twa9ebWjJvNNkkhPWatYS', '2017-12-25 21:49:59', '2017-12-25 21:49:59'),
(576, 9, 'Bps39WAJHf6x9nEP2IBkuplsBjM6gLit', '2017-12-27 07:05:51', '2017-12-27 07:05:51'),
(577, 9, 'DUkEdTKANrqTCybnyP27nEfZsDcRCsU4', '2017-12-28 01:28:11', '2017-12-28 01:28:11'),
(579, 1, 'gwEPEK5AUypx8EW4cTqxYN6BHGvfJ9yc', '2017-12-28 02:33:21', '2017-12-28 02:33:21'),
(584, 9, 'cesY9MkupQ6U145waWYQ4HVS8DVwkvDd', '2017-12-28 03:16:57', '2017-12-28 03:16:57'),
(587, 10, 'FQAjzYxo6Q1jwUtnC4U9pkaaskqxOf3g', '2017-12-28 06:18:03', '2017-12-28 06:18:03'),
(589, 10, 'htDxNPzOHgsoYxfAg1vioBhbmlzlKBTz', '2017-12-28 06:20:30', '2017-12-28 06:20:30'),
(590, 9, '8kQrsqpSyTu4lrv3x1eC5gLvmDnMBfhK', '2017-12-29 06:27:16', '2017-12-29 06:27:16'),
(591, 9, 'f5FDNKxKnlMeQYGEb5odqUpIp1tRUFop', '2017-12-29 06:30:05', '2017-12-29 06:30:05'),
(592, 9, 'QdJRzz9eqOMX9teYtyiuKLWXOE4n4mOA', '2017-12-30 06:09:07', '2017-12-30 06:09:07'),
(594, 9, '0hJ5edWa6kmHkzFzaYJtxoC80BUGFKGy', '2017-12-30 21:57:13', '2017-12-30 21:57:13'),
(595, 9, 'wLZQm4WFgdA8Xtgx0Rt7GzyaJYif8RrC', '2017-12-31 01:20:45', '2017-12-31 01:20:45'),
(596, 9, 'idpTmk6y0wE6drnjltGHnC0DZYYsCCMC', '2017-12-31 05:42:20', '2017-12-31 05:42:20'),
(597, 9, 'mcg6PSzSCT4k02zp7pcNA2KhxI4CEM5B', '2017-12-31 14:57:47', '2017-12-31 14:57:47'),
(598, 9, 'FytzqGsNCSAxXCV4nmRTGFP4WmMv46sS', '2018-01-01 16:56:16', '2018-01-01 16:56:16'),
(599, 9, 'lWina6s3EU3UH2HLShe9Fcdg2xj63nzN', '2018-01-02 01:22:09', '2018-01-02 01:22:09'),
(600, 9, 'QUhe666JPKzaVV4Ur4PthXTALLU4BKN0', '2018-01-03 03:12:49', '2018-01-03 03:12:49'),
(601, 9, 'CdmkVmYAtYQTpZ1OkncQ4DTBAfMzKUtA', '2018-01-03 05:29:52', '2018-01-03 05:29:52'),
(602, 9, 'tH17GHidNSKwVEPkxS60FuZB9VYjBZN5', '2018-01-04 06:44:28', '2018-01-04 06:44:28'),
(603, 9, 'R41vAyFzCHyiqOXvuj111H0pYwHQ72Ze', '2018-01-04 22:06:01', '2018-01-04 22:06:01'),
(604, 9, 'rqC20hVOikfpNtFrBvtcEAWJtJQupz7M', '2018-01-04 22:08:38', '2018-01-04 22:08:38'),
(605, 9, '5JqvznBkQk3ELAM2bTMHd0FBeAHORt4V', '2018-01-05 04:48:59', '2018-01-05 04:48:59'),
(606, 9, 'xxWqOS7WFuSR7agyGsOIXOkLQdQlqUNV', '2018-01-06 02:11:00', '2018-01-06 02:11:00'),
(608, 9, 'mDVGqa9Xj9whlnASFINfJ8dMiQeS4d2D', '2018-01-07 03:15:37', '2018-01-07 03:15:37'),
(611, 9, 'bmULU9PSJxQGGe3E3UPmS9zXrSaKMqvB', '2018-01-08 04:32:06', '2018-01-08 04:32:06'),
(612, 9, 'ovunUaEfD4RfVjUsSlfWBk87SKAbSxhF', '2018-01-10 03:54:42', '2018-01-10 03:54:42'),
(614, 9, 'sdVV2DBRbMv24JdpU94nZM18R1Vd6Mgj', '2018-01-10 06:39:17', '2018-01-10 06:39:17'),
(615, 9, 'xxB6eyV34ua8e2aIiElrQAkcgJZGW2Vv', '2018-01-10 17:07:16', '2018-01-10 17:07:16'),
(619, 9, 'pf9WGCmTvYEQrRWLxVQJehULTmOMS06H', '2018-01-12 01:28:46', '2018-01-12 01:28:46'),
(620, 9, 'I7eOTCwmMK0lDSOxuY7cC8913wf8Xiwd', '2018-01-12 06:07:50', '2018-01-12 06:07:50'),
(622, 9, 'fhdBQszfUiqFj5TGAUiC3FhscYffadBp', '2018-01-12 16:17:30', '2018-01-12 16:17:30'),
(623, 9, 'Fnr2DHGKKFRIfCTqyfI5oOUz0yQ4uGGl', '2018-01-13 00:37:41', '2018-01-13 00:37:41'),
(624, 9, 'TJJzhnIhoRYSqxKtU45z1Bjb2V1QuY4r', '2018-01-13 05:06:52', '2018-01-13 05:06:52'),
(625, 9, '2VEyUTSWkZL6ibxo7jnI6g1jCsSFOj37', '2018-01-13 16:26:03', '2018-01-13 16:26:03'),
(630, 9, 'V5Lka5gGP4E94dkiirNHvC3nEsEnK7NW', '2018-01-13 22:54:29', '2018-01-13 22:54:29'),
(632, 9, 'lbJtdCEYytWnrXoXKNcPIuEPUDKJ7llc', '2018-01-14 04:46:43', '2018-01-14 04:46:43'),
(633, 9, 'rANDv9RCgqjHBzJQRKYKHFaqPCR5TYc5', '2018-01-14 18:36:15', '2018-01-14 18:36:15'),
(638, 9, 'MnxSg127NVZZsrSAxZscCGJL1zPLDsGy', '2018-01-15 00:39:08', '2018-01-15 00:39:08'),
(639, 9, 'e6UI8iS8tAIzPlfTDCTZjutXkSw2xEv0', '2018-01-17 00:16:39', '2018-01-17 00:16:39'),
(641, 9, 'wwCH08yTI8bLmn7HztFwmdbYvqhNZkx0', '2018-01-17 03:02:33', '2018-01-17 03:02:33'),
(642, 9, 'j1wajhKN6enbg2WLMBDSkBejfORqKKIO', '2018-01-19 02:41:52', '2018-01-19 02:41:52'),
(643, 9, 'rZ1m7ydBGMFJqkFlE8dzwsQPjIfcTUTq', '2018-01-19 03:07:08', '2018-01-19 03:07:08'),
(644, 9, 'MxeQOWV7vzfyMLHtTu5FGjUOE9SMrQI2', '2018-01-20 03:03:38', '2018-01-20 03:03:38'),
(645, 9, 'HVaAS8dOGyEW5fTlKAoIl5D5MLQxdYqW', '2018-01-22 20:44:09', '2018-01-22 20:44:09'),
(646, 9, 'qZVtS44KYZ9zz1y6SZvtUTg3sLG2HZZQ', '2018-01-23 01:38:34', '2018-01-23 01:38:34'),
(647, 9, '3e086wYyf6XLa4LR6okiJrzrLiFIDiCH', '2018-01-25 05:09:47', '2018-01-25 05:09:47'),
(648, 9, 'h22WGr8wkHkV20P6BgnJnzAq9hiRFJtW', '2018-01-26 02:26:52', '2018-01-26 02:26:52'),
(649, 9, 'hD04DZBtXMeZ2YNyOlCDacIM061H1Qxi', '2018-01-27 17:32:30', '2018-01-27 17:32:30'),
(650, 9, 'AbFY7qeJlFROtjqnxuuDPAvton8cJbHc', '2018-01-28 07:20:36', '2018-01-28 07:20:36'),
(652, 9, 'P6a83bYllEVXLYBvqZ9re3Ko37n4ugvE', '2018-01-28 07:28:30', '2018-01-28 07:28:30'),
(653, 9, 'iGERQnIAnVlaPf9Flu8Cc8IJqLJnC2KS', '2018-01-28 17:51:34', '2018-01-28 17:51:34'),
(654, 9, 'rLRZ43PobMLqXyWDykmpVeRLh42pt9X7', '2018-01-29 23:16:08', '2018-01-29 23:16:08'),
(656, 9, 'IySPayqLWCGRqBsv4HJyuO2PZlEeQej7', '2018-01-30 05:14:21', '2018-01-30 05:14:21'),
(657, 9, 'z4mUK3YOxUIXVsf4vVFeI3yFrFgpQURr', '2018-01-31 04:17:18', '2018-01-31 04:17:18'),
(658, 9, 'xbhljNaZmQRVHoh7xg74g4082iQbR327', '2018-01-31 19:22:20', '2018-01-31 19:22:20'),
(659, 9, 'do2bvckbkkZhXZJhySPxbof8CCWt1dWB', '2018-02-01 01:49:01', '2018-02-01 01:49:01'),
(663, 15, 'L0gzqPP1WCnrymJo1b88lJAbWvGiGqZ4', '2018-02-01 17:14:24', '2018-02-01 17:14:24'),
(667, 9, 'iBz6A4gGsA3CqHZe5JhlUvGuVGiyhDZ2', '2018-02-01 17:26:29', '2018-02-01 17:26:29'),
(670, 9, 'D0qwWwG6sxC2Xq9H4zKvNlEaHlfpZ0f1', '2018-02-01 19:43:49', '2018-02-01 19:43:49'),
(671, 18, 'S1v2QJ2kAOp7R6wNzOeBxaqJZENadkmR', '2018-02-01 21:09:44', '2018-02-01 21:09:44'),
(672, 9, 'Y0y2Ht5mhuouCaEbD1KxsaJGepcUHOyK', '2018-02-02 03:29:35', '2018-02-02 03:29:35'),
(673, 9, 'UGlb2znnc0eHGgraxBjdcPt5v7c4P5hO', '2018-02-02 16:21:45', '2018-02-02 16:21:45'),
(674, 9, 'rbalqn2G6X0R1SEggwlDivHQ88gJTbIC', '2018-02-02 21:41:29', '2018-02-02 21:41:29'),
(675, 9, 'Eb7AlEsUmB7tT52UiLrtoEeKbkTjbalR', '2018-02-03 00:29:11', '2018-02-03 00:29:11'),
(676, 9, '6cCq3p68mOfJn214Ev4oZawKVpEvsnTt', '2018-02-03 17:47:02', '2018-02-03 17:47:02'),
(682, 9, '2rq8RJuyjHWa8VtvydnSODkDregDOTBR', '2018-02-03 20:19:32', '2018-02-03 20:19:32'),
(683, 9, 'nnl7zuDYxkBS52R6sUumHov3VKfI5Cet', '2018-02-04 04:53:47', '2018-02-04 04:53:47'),
(684, 9, 'fY5k2ukGIjLRhIexbE1HJIURuglmrBft', '2018-02-04 13:11:25', '2018-02-04 13:11:25'),
(686, 9, 'vxEYUuvXNtkOl6RVi0wp6nlGIyIPK0Dc', '2018-02-04 22:32:23', '2018-02-04 22:32:23'),
(687, 9, 'Yekw3tLp1NJeYJl7DpKc0a1Q1vTtcX2G', '2018-02-06 00:10:15', '2018-02-06 00:10:15'),
(688, 9, 'Zo3Q6rcentVO8KU5FhelKWdpyr9shthY', '2018-02-06 00:10:26', '2018-02-06 00:10:26'),
(689, 9, 'BaT7t656xMU2tm2DzPcUdFjq39p0yAdN', '2018-02-06 16:02:37', '2018-02-06 16:02:37'),
(690, 9, 'ezvimk9qd5kx8XkQ6LIpCR4huC0P80j0', '2018-02-07 07:33:37', '2018-02-07 07:33:37'),
(691, 9, 'BIjGHCk92OVWRcAb1RcuUt5mEBEXqTVS', '2018-02-07 17:53:28', '2018-02-07 17:53:28'),
(692, 9, '0bJ6Z8ENtWa5pcpKqLU97FqcZy9etz0a', '2018-02-08 19:26:21', '2018-02-08 19:26:21'),
(693, 9, 'hJgyHwJS6G8TbbmLB7ePA8sotmAB4DbQ', '2018-02-09 06:08:27', '2018-02-09 06:08:27'),
(694, 9, 'nWzuyieOKXX6wQLTKq5hjS7XLF3QsbC1', '2018-02-09 19:34:37', '2018-02-09 19:34:37'),
(695, 9, 'jhWbOTE3Ip0HDNmVsKMSQdaUHd9AIMQY', '2018-02-13 06:08:20', '2018-02-13 06:08:20'),
(696, 9, 'gpF4y2YpoQdzVFWX2FwG6RJlKyN9Myh6', '2018-02-14 01:23:10', '2018-02-14 01:23:10'),
(699, 9, 'P7ldJDCKUTHNQ54uM7p4SdOjmxJXEkoc', '2018-02-15 02:32:13', '2018-02-15 02:32:13'),
(700, 9, 'T7HorWuxGpS4YA5XB0Rpk5mIlRZyrym6', '2018-02-16 04:49:34', '2018-02-16 04:49:34'),
(701, 9, 'EY2pXTfWz7YEcu5QurJenYkDTxJJy7wg', '2018-02-17 05:49:33', '2018-02-17 05:49:33'),
(702, 9, '7sExGYV2qQmdc6Fxu3XFpF876og8pnUq', '2018-02-17 05:50:02', '2018-02-17 05:50:02'),
(703, 9, 'cWUByhfCz2wysPR0fGGRnmkC4VTToMZE', '2018-02-17 22:29:21', '2018-02-17 22:29:21'),
(704, 22, 'IeqE0AuoEkINKM7Z3GceghAG0HZVPvjR', '2018-02-22 00:28:03', '2018-02-22 00:28:03'),
(705, 9, 'F4THoVTrSKlMOC08HlWIMPPfDDdaepa4', '2018-02-22 04:41:44', '2018-02-22 04:41:44'),
(706, 9, 'cLk5rGwnW0Sjmb4sulyTMoZUPPydCHev', '2018-02-22 21:06:02', '2018-02-22 21:06:02'),
(707, 9, 'a9uz3JK9eE2XTYj2MoEiAdQXt2rOsXlv', '2018-02-23 17:35:09', '2018-02-23 17:35:09'),
(708, 9, 'N5QJKUQoVdAYOhnNTynmStUpY3hMYZAa', '2018-02-23 17:35:33', '2018-02-23 17:35:33'),
(709, 9, '7ol3IX0EKFaJrmzeswUk3z6w3IFjh8gK', '2018-02-24 06:59:20', '2018-02-24 06:59:20'),
(712, 18, 'WFJdpB8J15uuD0yEP0ZxQDk2YT6WdEsL', '2018-02-25 18:44:20', '2018-02-25 18:44:20'),
(716, 9, 'AjhrpF6Ol7oclRzWteHmvoAk1r3WfoGS', '2018-02-26 07:32:25', '2018-02-26 07:32:25'),
(720, 9, 'YyRRg8xxkNOpx8F1Ko9P8Ej7VeRfG62O', '2018-02-26 19:40:35', '2018-02-26 19:40:35'),
(723, 23, '5fro20KbiwjS9sBaYT0rXmApnrNHPb0n', '2018-02-27 03:47:22', '2018-02-27 03:47:22'),
(724, 24, 'KrYp4AbOBg5Uz3bpIHcsTNC661cEAY2Z', '2018-02-27 03:52:36', '2018-02-27 03:52:36'),
(725, 9, '4wcNO489cOTJLaaHgT2nuh1wzxqYqNaz', '2018-03-02 21:23:13', '2018-03-02 21:23:13'),
(726, 27, 'btxnbgLZUJ7m3tQXJ5HYjMWIIGLJQZah', '2018-03-03 09:30:19', '2018-03-03 09:30:19'),
(727, 9, 'RzrUdVp07BuXX0856t7Ct5pyhb6QxPuq', '2018-03-03 19:25:38', '2018-03-03 19:25:38'),
(728, 9, 'XSDYzrEb8tofrXRf6cuiwo64R6AEujoS', '2018-03-04 23:56:00', '2018-03-04 23:56:00'),
(729, 26, '5Hp4QCkJkBaj7UrCO6vhJh6MPqRc0JFA', '2018-03-08 18:12:14', '2018-03-08 18:12:14'),
(730, 9, 'J4UNX9KGd1quMS0C0j7r1mjyVS847Lnu', '2018-03-09 05:26:50', '2018-03-09 05:26:50'),
(731, 9, 'f0bHrYduYr0ycK3M7CP72BBsKDqxTfo3', '2018-03-10 04:25:11', '2018-03-10 04:25:11'),
(732, 9, 'lSXSiHGJBvWbwVMCuXlyXAGzfpnHrFX2', '2018-03-10 23:09:56', '2018-03-10 23:09:56'),
(734, 9, 'bZuHWh9LGn3C6EUP9gCJbowUlDfQlAu6', '2018-03-10 23:14:43', '2018-03-10 23:14:43'),
(735, 9, 'kWZzTxwsFSxCVXH6FC5y4XV5rP0fFqJQ', '2018-03-12 16:23:32', '2018-03-12 16:23:32'),
(736, 26, 'j4xhMJpegCZIYVaP110rrea6CQqROqlY', '2018-03-12 23:01:27', '2018-03-12 23:01:27'),
(741, 26, 'O2qnfzFtO2eW0CO0b5wARoxioSxeRhN2', '2018-03-13 21:05:35', '2018-03-13 21:05:35'),
(742, 26, 'DipeGxu1axKazUBJu5LBFeCEac7JcvQA', '2018-03-14 02:27:45', '2018-03-14 02:27:45'),
(744, 26, 'cxDMfankjjXdqtJvaFjqdeMrMbVLzNBB', '2018-03-17 02:00:06', '2018-03-17 02:00:06'),
(745, 9, '6LKa1Lgvwk0Di7VkSp155QJhbVFsHPxQ', '2018-03-17 16:21:02', '2018-03-17 16:21:02'),
(746, 26, 'jSguN8e6j2LgZ69nwaPfZu2UuwWdDOsW', '2018-03-19 01:08:09', '2018-03-19 01:08:09'),
(748, 9, 'SNZi2AkvYPFN7BanR6ZrpO8L0kR7XEBL', '2018-03-20 03:38:42', '2018-03-20 03:38:42'),
(749, 9, 'GfTUgFftfWJBoOJmvG3jzDZD3vHaoS0u', '2018-03-21 03:15:58', '2018-03-21 03:15:58'),
(750, 26, 'fPnmYmNix0meURlRYuEOTE1kJw8cTl1z', '2018-03-22 17:30:08', '2018-03-22 17:30:08'),
(751, 26, 'xygsZBYu4MJt0ujWbZW4Hr3mLZtrE81R', '2018-03-22 17:30:27', '2018-03-22 17:30:27'),
(752, 26, 'vD4fERjYxaXMX08BfuVoo9Yk8P4b1Awt', '2018-03-22 17:41:53', '2018-03-22 17:41:53'),
(753, 26, '0Zq5THG7qmdr83bxeVxbY9f2e1VmqDGk', '2018-03-23 03:11:05', '2018-03-23 03:11:05'),
(754, 9, 'cQYfcLGKLrkel5iGk1MFtya4QzWZHNDo', '2018-03-24 00:32:23', '2018-03-24 00:32:23'),
(756, 26, 'wQCPq9ZvFIb2iKTGDikukqgcN9MSw8hP', '2018-03-24 15:01:03', '2018-03-24 15:01:03'),
(759, 9, '8n5CkwwweIpBVSGBf6e5PrjG5DPPsycu', '2018-03-24 17:43:59', '2018-03-24 17:43:59'),
(762, 26, 'qxpg9MEHKivpnO1XFkXqEw8aWAmZUoV3', '2018-03-25 01:00:41', '2018-03-25 01:00:41'),
(767, 9, 'DJck0DxnHGJGpgsReROt44XoA6QGavH5', '2018-03-28 19:41:32', '2018-03-28 19:41:32'),
(768, 9, 'ss2TWW61UF2gc9uJQNTOWmDMkSP6VCpC', '2018-03-30 17:53:41', '2018-03-30 17:53:41'),
(769, 9, 'RCUsxQOmDvKMxRZeHhZdVAkbTOsOwzcP', '2018-03-31 08:16:34', '2018-03-31 08:16:34'),
(771, 26, '7MRSgOf9zk2Uh6rDV7S2ZQgxSePXcRK9', '2018-04-01 07:18:57', '2018-04-01 07:18:57'),
(772, 26, 'ZAWmO2TG7s8osRUSeJTkCFDCqL6FB1f4', '2018-04-02 01:19:55', '2018-04-02 01:19:55'),
(773, 26, 'rqO5BDdXn65yruwx6K91OcoB0dm22ouq', '2018-04-04 07:48:23', '2018-04-04 07:48:23'),
(778, 9, 'mhDNRdB5hhgrzfTpQqCwnaQXdsJNWak2', '2018-04-07 08:00:49', '2018-04-07 08:00:49'),
(779, 9, '1RfUvmZd7PgECZh6nces8xOPAjh3Sa9e', '2018-04-08 05:32:47', '2018-04-08 05:32:47'),
(789, 30, 'fyTawCjt0839JxiOSWJ5wbhjmh5dWv3y', '2018-04-23 02:27:07', '2018-04-23 02:27:07'),
(790, 1, '3DwocTboQCg2zQBChNbee7uKeca1OYKm', '2018-05-03 20:13:24', '2018-05-03 20:13:24'),
(792, 1, 'deLDnq2Ihl6zTSh39in7FUk3B1EvlLGY', '2018-05-04 06:54:59', '2018-05-04 06:54:59'),
(793, 1, 'o28odzr1KmmSeebFGWdYQGpa9h3Ve8Ge', '2018-05-06 04:50:14', '2018-05-06 04:50:14'),
(794, 1, 'oqUFO89exjeKGKn09FIdSrSi1t9Hr2qp', '2018-05-06 04:50:39', '2018-05-06 04:50:39'),
(795, 1, 'sFODyqRpIHaWGvm4zhiXMdV7JAE3F1x7', '2018-05-06 04:51:04', '2018-05-06 04:51:04'),
(796, 1, '93rMAviWKj0PCTYndHvCevHD3j7KCqQw', '2018-05-07 05:00:08', '2018-05-07 05:00:08'),
(797, 1, '0qddmFObObeLOrmWTBNJltoaBpCUE2HQ', '2018-05-08 04:55:16', '2018-05-08 04:55:16'),
(798, 1, 'E0mJfDrEG8JvSPsD0zjwi2vzROVqJamc', '2018-05-08 18:45:40', '2018-05-08 18:45:40');
INSERT INTO `persistences` (`id`, `user_id`, `code`, `created_at`, `updated_at`) VALUES
(799, 1, 'GAvzh7kV4PtcvIzBAp1NRNz9oMDw8CzK', '2018-05-09 02:19:19', '2018-05-09 02:19:19'),
(800, 1, 'aUaMMDUR1vj7qyMTt9Pnp4EKoQ8tR2tL', '2018-05-10 01:34:10', '2018-05-10 01:34:10'),
(801, 1, 'hmjbnXkXyqnv4gwVKJ6NrddsZqwbG4Mh', '2018-05-10 04:09:51', '2018-05-10 04:09:51'),
(802, 1, 'nlWetBqVcfDCBYmCF4S20LENYIOMlG79', '2018-05-10 04:10:00', '2018-05-10 04:10:00'),
(804, 1, 'ZsSxyV8gXHQmSX0zVZq95Oi4BlkkX5IZ', '2018-05-10 18:37:49', '2018-05-10 18:37:49'),
(809, 1, '1vhlYN7rtxiarcnxsiKFHtqFKDktMdQT', '2018-05-11 05:13:46', '2018-05-11 05:13:46'),
(810, 1, 'CQe7fXwvAOokzCbaqO9wpG0dbN1dsDun', '2018-05-11 05:14:31', '2018-05-11 05:14:31'),
(813, 9, 'iLqMa055EA2Oa4RBDQo5uku9oHUq0sMP', '2018-05-15 07:12:58', '2018-05-15 07:12:58'),
(814, 9, 'HSdguEuDsNDCqmvsXBk5IJDuqqGm8d62', '2018-05-15 07:41:45', '2018-05-15 07:41:45'),
(815, 9, 'AIXAH9E75kczboRQmtv8ycHunqK7lHwe', '2018-05-24 00:04:13', '2018-05-24 00:04:13'),
(816, 9, '1Y9LAVXMtJZBWRVEhzaDcDCnvwwgdkIK', '2018-06-04 05:20:25', '2018-06-04 05:20:25'),
(817, 9, 'z4x2JmgQd8pz4CcNlrzPteO6ThrgP0kR', '2018-06-09 06:50:03', '2018-06-09 06:50:03'),
(819, 1, 'W5zDoan18XTyXWh8bVU9STKnF1GWCD47', '2018-07-03 23:50:46', '2018-07-03 23:50:46'),
(821, 9, 'H5ru9xx95AW7bul0azbe7yLgyETP81HL', '2018-07-05 08:49:12', '2018-07-05 08:49:12'),
(822, 9, 'Dv0F2bA3h4TYD1AE45K5GOavzPnXVxtz', '2018-07-05 09:23:54', '2018-07-05 09:23:54'),
(823, 9, 'U3d2mAivT0ZyywuMjzBpQBJP2dhN7pk0', '2018-07-08 19:24:24', '2018-07-08 19:24:24'),
(825, 9, 'uiEtLOqiDI12OHEJjw5l9CITfuwmOlqU', '2018-07-09 02:37:18', '2018-07-09 02:37:18'),
(826, 9, 'W4wczN9yJCeRPH6Wam6BTokqmbIWIjlT', '2018-07-13 20:51:59', '2018-07-13 20:51:59'),
(827, 9, 'S7mERM3Fh7b2o2xkEoEaa4nLSSAsrgOY', '2018-07-19 17:44:13', '2018-07-19 17:44:13'),
(828, 9, 'QJR9Sl1zjxuHBPpqb2RV8tjXD2pw8tBY', '2018-08-24 06:21:28', '2018-08-24 06:21:28'),
(830, 9, 'HU2dVSQxrmVTS05ZAZhsul2gQacNphTu', '2018-09-15 17:56:25', '2018-09-15 17:56:25'),
(831, 9, 'R0fXjpAHA9m0jgTfjoAYCxzUpC3BH2wF', '2018-09-17 20:38:27', '2018-09-17 20:38:27'),
(832, 9, 'Ff3HNZBrlkwWyr0ZtH9PK8cSl5RPMfTf', '2018-09-18 00:06:33', '2018-09-18 00:06:33'),
(833, 9, 'DKH4VxrQnA22EPsf1xgVrCjqpotwGwXf', '2018-09-18 17:16:31', '2018-09-18 17:16:31'),
(834, 9, '5eImgFssaJKabRjo7SG1ti6zwV7yORP1', '2018-09-20 06:34:06', '2018-09-20 06:34:06'),
(835, 1, 'YsIBTLQdd8hr9QFurw2wQ8pHCLx13ZiE', '2018-09-20 19:55:49', '2018-09-20 19:55:49'),
(836, 1, 'y727M8VLeTE1n5U1yY4YWixQQI0rw315', '2018-09-20 22:23:28', '2018-09-20 22:23:28'),
(837, 1, 'prUS7CEbg0nXDGsW3fOMGdkCD23UYUZE', '2018-09-21 00:31:15', '2018-09-21 00:31:15'),
(839, 1, 'Aft7nXKxDsZkZX8wcjFO8gjobPf5tirP', '2018-09-21 00:54:32', '2018-09-21 00:54:32'),
(840, 1, 'gJf7JAV5RmhIp15m9jvbBcwOrqumYNI1', '2018-09-21 00:55:54', '2018-09-21 00:55:54'),
(844, 1, 'VOmfAnlsiA89TsJU9k8tbic0EDzGZLm0', '2018-09-21 03:15:46', '2018-09-21 03:15:46'),
(845, 1, '5TtY5HKZ4HWMuY7Ov5HHR7mcNBPvihSl', '2018-09-21 21:03:25', '2018-09-21 21:03:25'),
(846, 1, 'whvp2oSk89VXM7M1YoAQOsKM8DWk1M7s', '2018-09-22 04:50:47', '2018-09-22 04:50:47'),
(847, 1, 'U1sJJj0KnTYg36WkfUoLIjU9RlnBHJqo', '2018-09-22 05:48:16', '2018-09-22 05:48:16'),
(848, 1, 'GZQMF5aK6SYV0Fxl9hPc1jJ1QJaV0aLP', '2018-10-05 20:22:35', '2018-10-05 20:22:35'),
(849, 1, 'G09U3s150wKjrsLMzqzZli0pfJ0VxFCo', '2018-10-05 20:24:46', '2018-10-05 20:24:46'),
(851, 1, 'z8tpx35G3Zsh8EsrFxZH9cXOP7gkKajz', '2018-10-09 16:02:25', '2018-10-09 16:02:25'),
(852, 1, '5kAnvvL1mFL9vdytzXlE2V16JTIuDWM9', '2018-10-11 18:31:07', '2018-10-11 18:31:07'),
(853, 9, 'SL1EFGLxXRFI9DqkUm3V1ytia7oPs9PU', '2018-10-12 04:29:27', '2018-10-12 04:29:27'),
(854, 9, 'osGrM0REcQzwdZwqsBiY4RkDaP5LOfAK', '2018-10-13 19:03:23', '2018-10-13 19:03:23'),
(855, 9, 'IiHfv2KBY31Zk3wIMaOLdg3PPn7BRkaA', '2018-10-13 19:46:37', '2018-10-13 19:46:37'),
(856, 9, 'yEaUSn5TYS8sm1F4XQIZVe34B1R4sP3o', '2018-10-14 05:38:10', '2018-10-14 05:38:10'),
(858, 9, 'SaLQzqwcMOaEu8WaF1LvlvJqAbphK9jO', '2018-10-14 17:15:48', '2018-10-14 17:15:48'),
(859, 9, 'QEYpp7A756m9YLEmWeF9mv5ODa1ndK95', '2018-10-15 05:52:09', '2018-10-15 05:52:09'),
(861, 9, 'ZqvMZEa50WSoldMgpGXwhlRXCbfEMvvi', '2018-10-24 02:06:59', '2018-10-24 02:06:59'),
(862, 9, 'PxZy7I2HZ1qDLVSUZck1L02ZKGr5UCTi', '2018-10-29 08:20:44', '2018-10-29 08:20:44'),
(865, 9, 'Fa1wZN9PTs4JSo0iXirCXRD1LOPJWJmb', '2018-10-30 13:38:12', '2018-10-30 13:38:12'),
(866, 9, 'IdVtvrdkAAKsIA9a7I0H5SeGLmocTA0b', '2018-10-30 15:56:59', '2018-10-30 15:56:59'),
(867, 9, 'O1Y2X0btlLhPtx9VOw8dVBFMoPiaVxXq', '2018-10-31 02:21:14', '2018-10-31 02:21:14'),
(868, 9, 'VAKjcOS3w7XayanuQFM6Q0qcPLeSTMee', '2018-10-31 04:11:01', '2018-10-31 04:11:01'),
(871, 1, 'duvwb6YK3c5sbWtTR7fsSMXGHe29YXll', '2018-11-05 20:18:01', '2018-11-05 20:18:01'),
(873, 40, 'TYa6n4Fpw5WXa5f8LmD0RHKK3XKTLTHb', '2018-11-06 05:17:38', '2018-11-06 05:17:38'),
(875, 41, 'wOQUD01YadSHYpryQqrq7Uw9gUljpD39', '2018-11-07 18:59:41', '2018-11-07 18:59:41'),
(876, 42, 'pn80D6Jt7oCeOydBgQLVPD07gtFkVCXF', '2018-11-07 19:09:23', '2018-11-07 19:09:23'),
(878, 44, 'qOWCwTB76aKM3pEQMMeaLkJcFYL4uMIt', '2018-11-07 19:43:25', '2018-11-07 19:43:25'),
(879, 45, 'YhDyQPa0WfzhlqOrXY4cruWp2RpztjPL', '2018-11-07 21:32:05', '2018-11-07 21:32:05'),
(880, 46, 'xOt19ilMZCMm9VxkHWHOSFkpALNNuba5', '2018-11-07 22:15:53', '2018-11-07 22:15:53'),
(881, 47, 'ZIuYHd0Tl6kMV5PNZnglXX27Ew0Gl1u1', '2018-11-08 06:13:22', '2018-11-08 06:13:22'),
(882, 40, 'muJ7LDtuzkfonW3NzEdRLm5qidkmGrhp', '2018-11-08 16:20:31', '2018-11-08 16:20:31'),
(883, 9, 'CzG0N9yz5zOdRqmBGOGlcZMq0jq5bumv', '2018-11-10 13:07:44', '2018-11-10 13:07:44'),
(884, 40, '4d24rcF9UoSKFFS46AX2EN2AZ3R68K3s', '2018-11-18 10:08:15', '2018-11-18 10:08:15'),
(885, 40, 'k5IqXlCYxcYUyvQtp51L2WO7l6MJBcWW', '2018-11-19 03:50:55', '2018-11-19 03:50:55'),
(886, 40, 't4yTGVyvcdNVdCENE6fZDTfs86TFjPyh', '2018-11-19 15:47:01', '2018-11-19 15:47:01'),
(887, 9, 'Jr87hc6hF11YNNaflAhUAHvqD5wmE6Q5', '2018-11-19 20:46:09', '2018-11-19 20:46:09'),
(888, 9, 'F8jQgvBb0eIpl7X2VZyinG5wgrJOcI2V', '2018-11-20 07:10:11', '2018-11-20 07:10:11'),
(889, 40, 'DMHNnBUX8T6ZlEZBn4Isihbq2pIpizCs', '2018-11-20 07:40:06', '2018-11-20 07:40:06'),
(890, 40, 'kGiHiUk1wnsZKuWEWt6Qf9J45Mm4fais', '2018-11-20 15:40:08', '2018-11-20 15:40:08'),
(891, 40, 'DgaMc3JaAuAQvwzHxaE8C2n39UKEIhum', '2018-11-20 20:25:08', '2018-11-20 20:25:08'),
(892, 9, 'tDQTlgtZtCQxv3DVJ6wLTlCL9ee6quiA', '2018-11-20 21:09:35', '2018-11-20 21:09:35'),
(893, 40, 'Bka1RU0othT2kOAwtdaQuwr9cl5qkbBB', '2018-11-20 22:40:12', '2018-11-20 22:40:12'),
(894, 40, 'yjYnLwEalu3PPKEiuEpQ3mie5S1dOBUV', '2018-11-21 16:22:52', '2018-11-21 16:22:52'),
(895, 40, '0WhQMfLIKwgwsGAmZxjOfvTc0Wtzrh0T', '2018-11-21 22:40:55', '2018-11-21 22:40:55'),
(896, 48, 'zxMma0bkyFNg0B7BGcBDTq7A26eC1G00', '2018-11-22 01:10:32', '2018-11-22 01:10:32'),
(897, 40, 'uE8ApVbqhuEz6t0j2evDN3stiISj0O1H', '2018-11-23 07:02:08', '2018-11-23 07:02:08'),
(898, 9, 'dtFq0qBi5nCcLsGK8I3sGRSWLGRIvanx', '2018-11-23 12:59:32', '2018-11-23 12:59:32'),
(899, 40, 'jbChTgCfYa95WUuw7tW1PLgLEBYI6JNm', '2018-11-24 11:44:00', '2018-11-24 11:44:00'),
(900, 9, 'H4lyAh3JN4HZVp8zjvhpSAsSKirLEuiz', '2018-11-26 19:20:55', '2018-11-26 19:20:55'),
(901, 40, 'n6rIX1dakKiqKlDe4WldpXaWjCKjTAxL', '2018-12-01 02:22:49', '2018-12-01 02:22:49'),
(902, 9, 'DmaiSGiZLjuV1eYSFkqcxcZ2C9jOlAvt', '2018-12-01 06:38:04', '2018-12-01 06:38:04');

-- --------------------------------------------------------

--
-- Table structure for table `private_class_registation`
--

CREATE TABLE `private_class_registation` (
  `id` int(11) NOT NULL,
  `class` int(11) DEFAULT NULL,
  `parent_is_reg` int(11) NOT NULL DEFAULT '0',
  `parent_full_name` text NOT NULL,
  `first_name` text NOT NULL,
  `last_name` text NOT NULL,
  `phone` text NOT NULL,
  `email` text NOT NULL,
  `status` int(11) NOT NULL DEFAULT '1',
  `created_at` timestamp NOT NULL DEFAULT CURRENT_TIMESTAMP,
  `updated_at` timestamp NOT NULL DEFAULT CURRENT_TIMESTAMP
) ENGINE=InnoDB DEFAULT CHARSET=latin1;

-- --------------------------------------------------------

--
-- Table structure for table `publication`
--

CREATE TABLE `publication` (
  `publication_id` int(11) NOT NULL,
  `image` text NOT NULL,
  `name` text NOT NULL,
  `status` int(11) NOT NULL DEFAULT '1',
  `created_at` timestamp NOT NULL DEFAULT CURRENT_TIMESTAMP,
  `updated_at` timestamp NOT NULL DEFAULT CURRENT_TIMESTAMP
) ENGINE=InnoDB DEFAULT CHARSET=latin1;

--
-- Dumping data for table `publication`
--

INSERT INTO `publication` (`publication_id`, `image`, `name`, `status`, `created_at`, `updated_at`) VALUES
(1, 'ACD Magazine.png', 'ACD magazine', 1, '2018-02-14 02:23:19', '2018-02-14 02:23:19'),
(2, 'Cake Central Magazine.png', 'Cake Central magazine', 1, '2018-02-14 02:23:47', '2018-02-14 02:23:47'),
(3, 'Cake Masters Magazine.png', 'Cake Masters', 1, '2018-02-14 02:24:09', '2018-02-14 02:24:09'),
(4, 'DIY Weddings Magazine.png', 'DIY Weddings Magazine', 1, '2018-02-14 02:32:41', '2018-02-14 02:32:41'),
(5, 'suger indias.png', 'Suger, India\'s cake art Magazine', 1, '2018-02-14 02:33:15', '2018-02-14 02:33:15'),
(6, 'Cake new Masters Magazine.png', 'Cake Central magazine', 1, '2018-03-19 07:07:54', '2018-03-19 07:07:54');

-- --------------------------------------------------------

--
-- Table structure for table `quote`
--

CREATE TABLE `quote` (
  `quote_id` int(11) NOT NULL,
  `cake_type` int(11) NOT NULL,
  `event_date` timestamp NOT NULL DEFAULT CURRENT_TIMESTAMP ON UPDATE CURRENT_TIMESTAMP,
  `requested_date` timestamp NOT NULL DEFAULT CURRENT_TIMESTAMP,
  `completed_date` timestamp NULL DEFAULT '0000-00-00 00:00:00',
  `province` text NOT NULL,
  `post_code` text NOT NULL,
  `venue` text NOT NULL,
  `details` text,
  `first_name` text NOT NULL,
  `last_name` text NOT NULL,
  `phone` text,
  `email` text NOT NULL,
  `status` int(11) NOT NULL DEFAULT '1',
  `ip` text,
  `ip_location` text,
  `created_at` timestamp NOT NULL DEFAULT CURRENT_TIMESTAMP,
  `updated_at` timestamp NOT NULL DEFAULT CURRENT_TIMESTAMP
) ENGINE=InnoDB DEFAULT CHARSET=latin1;

--
-- Dumping data for table `quote`
--

INSERT INTO `quote` (`quote_id`, `cake_type`, `event_date`, `requested_date`, `completed_date`, `province`, `post_code`, `venue`, `details`, `first_name`, `last_name`, `phone`, `email`, `status`, `ip`, `ip_location`, `created_at`, `updated_at`) VALUES
(1, 1, '2018-08-24 06:28:32', '2017-10-16 04:25:29', '0000-00-00 00:00:00', 'western province', '10118', 'colombo', '', 'Mayura', 'Hettiarachchi', '719781498', 'lakshitha.infomail@gmail.com', 1, '::1', NULL, '2017-10-16 04:25:29', '2017-10-16 04:25:29'),
(2, 1, '2018-08-24 06:28:35', '2018-02-08 06:33:05', '0000-00-00 00:00:00', 'western province', '10118', 'sdfsd', 'fsdfasdfasdfasdf', 'Mayura', 'Hettiarachchi', '719781498', 'rullzzm@gmail.com', 1, '::1', NULL, '2018-02-08 06:33:05', '2018-02-08 06:33:05'),
(3, 2, '2018-06-09 20:42:00', '2018-02-26 21:42:43', '0000-00-00 00:00:00', 'western province', '10118', 'asdfasdf', ' ', 'Mayura', 'Hettiarachchi', '719781498', 'rullzzm@gmail.com', 1, '::1', NULL, '2018-02-26 21:42:43', '2018-02-26 21:42:43');

-- --------------------------------------------------------

--
-- Table structure for table `recipe`
--

CREATE TABLE `recipe` (
  `recipe_id` int(11) NOT NULL,
  `name` text,
  `cover_path` text,
  `cover_file` text,
  `intro` text,
  `main` text,
  `lesson` text,
  `material` text,
  `ingrediant` text,
  `recipes` text,
  `pdf_path` text,
  `pdf_file` text,
  `note` text,
  `category` int(11) DEFAULT NULL,
  `skill_level` int(11) NOT NULL,
  `cake_type` int(11) NOT NULL,
  `price` float DEFAULT NULL,
  `free_paid` int(11) NOT NULL DEFAULT '0',
  `premium` int(11) NOT NULL DEFAULT '0',
  `status` int(11) NOT NULL DEFAULT '1',
  `created_at` timestamp NOT NULL DEFAULT CURRENT_TIMESTAMP,
  `updated_at` timestamp NOT NULL DEFAULT CURRENT_TIMESTAMP
) ENGINE=InnoDB DEFAULT CHARSET=latin1;

--
-- Dumping data for table `recipe`
--

INSERT INTO `recipe` (`recipe_id`, `name`, `cover_path`, `cover_file`, `intro`, `main`, `lesson`, `material`, `ingrediant`, `recipes`, `pdf_path`, `pdf_file`, `note`, `category`, `skill_level`, `cake_type`, `price`, `free_paid`, `premium`, `status`, `created_at`, `updated_at`) VALUES
(1, 'How to make a cake structure', 'uploads/images/recipe', 'recipe-cover-20181029023814.png', 'https://www.youtube.com/embed/H5rToA86Azc', 'https://www.youtube.com/embed/CyP3vEDU9AY', '<span style=\"color: rgb(17, 17, 17); font-family: Roboto, Arial, sans-serif; font-size: 14px; white-space: pre-wrap;\">Sometimes, when creating decorations, we need to use some sort of holders to dry things in the shape that we want. For example, we can create a dome shape using a bowl. \r\n\r\nThere are some products on the market for this purpose and or course, we can look around and find some useful things around the kitchen or home. In both case we are very much depending to what we can buy or what we can find. If our task is something unusual, then we are stuck and trying to improvise and be innovative under pressure not so easy.\r\n\r\nToday I would like to share a simple idea,  which I\'ve always relied on and has always worked for me, especially if I have to do something that has an odd shape or something that needs to defy gravity. This technique can be used to create just about any shape or form you desire. I have used it to create sails for ships, dragons, snakes etc.</span><br>', '<br>', '<span style=\"color: rgb(0, 0, 0); font-family: \" roboto=\"\" condensed\",=\"\" arial,=\"\" verdana,=\"\" sans-serif;=\"\" font-size:=\"\" 16px;\"=\"\">The weights in the recipe table below will yield the following \'weight per unit\' and \'number of units\'.	If you would like to change the recipe to cater to a different \'weight per unit\' and/or \'number of units\', you can use the Recipe Calculator Tool below the ingredients table.</span><br>', '<table id=\"ingredients-table\" class=\"ingredients\" style=\"background-color: rgb(255, 255, 255); margin: 0px; width: 760px; height: 370px; padding: 0px; color: rgb(51, 51, 51); font-family: \" roboto=\"\" condensed\",=\"\" arial,=\"\" verdana,=\"\" sans-serif;=\"\" font-size:=\"\" 16px;\"=\"\"><tbody><tr style=\"background-color: rgb(196, 196, 196);\"><td class=\"column-1\" style=\"padding: 5px; border: 1px solid rgb(167, 167, 167); background: rgb(243, 243, 243); vertical-align: middle; text-align: center; color: rgb(0, 0, 0); width: 30px;\"><span style=\"font-size: 13px;\">A</span></td><td id=\"grams-1\" style=\"padding: 5px; border: 1px solid rgb(167, 167, 167); background: rgb(243, 243, 243); vertical-align: middle; color: rgb(0, 0, 0);\">750</td><td style=\"padding: 5px; border: 1px solid rgb(167, 167, 167); background: rgb(243, 243, 243); vertical-align: middle; color: rgb(0, 0, 0);\"><span id=\"altMetric-1\">26.4</span>&nbsp;<span id=\"altMetricText-1\">ounces</span></td><td style=\"padding: 5px; border: 1px solid rgb(167, 167, 167); background: rgb(243, 243, 243); vertical-align: middle; color: rgb(0, 0, 0);\"><span class=\"the-tooltip bottom black\" style=\"position: relative;\"><span style=\"border-bottom: 1px dotted rgb(0, 0, 0);\"><span id=\"ingredientName1\">Icing Sugar Mixture</span></span><span style=\"border: none; border-radius: 5px; box-shadow: rgba(0, 0, 0, 0.3) 0px 1px 2px, rgba(255, 255, 255, 0.3) 0px 1px 0px inset; line-height: 1.5; opacity: 0; padding: 10px 20px; position: absolute; transition: all 0.2s ease 0s; visibility: hidden; width: 320px; z-index: 999; margin-top: 15px; top: 19px; background-color: rgb(65, 41, 90); color: rgb(255, 255, 255); text-shadow: rgb(0, 0, 0) 0px 1px 0px; left: 0px; font-size: 12px !important;\"></span></span></td><td style=\"padding-top: 5px; padding-right: 5px; padding-left: 5px; border: 1px solid rgb(167, 167, 167); background: rgb(243, 243, 243); vertical-align: middle; text-align: center; color: rgb(0, 0, 0);\"><a class=\"fancybox\" href=\"https://www.yenersway.com/wp-content/uploads/2015/10/icing-sugar-mixture-500x500.jpg\" style=\"color: rgb(48, 48, 48); outline: 0px; transition: background-color 0.15s linear 0s, color 0.15s linear 0s;\"><img src=\"https://www.yenersway.com/wp-content/uploads/2015/10/icing-sugar-mixture-190x190.jpg\" style=\"border-radius: 3px; width: 40px; height: 40px;\"></a></td><td id=\"ingredientCondition1\" style=\"padding: 5px; border: 1px solid rgb(167, 167, 167); background: rgb(243, 243, 243); vertical-align: middle; color: rgb(0, 0, 0);\">Lump free</td></tr><tr><td class=\"column-1\" style=\"padding: 5px; border: 1px solid rgb(167, 167, 167); background-image: initial; background-position: initial; background-size: initial; background-repeat: initial; background-attachment: initial; background-origin: initial; background-clip: initial; vertical-align: middle; text-align: center; color: rgb(0, 0, 0); width: 30px;\"><span style=\"font-size: 13px;\">B</span></td><td id=\"grams-2\" style=\"padding: 5px; border: 1px solid rgb(167, 167, 167); background-image: initial; background-position: initial; background-size: initial; background-repeat: initial; background-attachment: initial; background-origin: initial; background-clip: initial; vertical-align: middle; color: rgb(0, 0, 0);\">70</td><td style=\"padding: 5px; border: 1px solid rgb(167, 167, 167); background-image: initial; background-position: initial; background-size: initial; background-repeat: initial; background-attachment: initial; background-origin: initial; background-clip: initial; vertical-align: middle; color: rgb(0, 0, 0);\"><span id=\"altMetric-2\">2.5</span>&nbsp;<span id=\"altMetricText-2\">ounces</span></td><td style=\"padding: 5px; border: 1px solid rgb(167, 167, 167); background-image: initial; background-position: initial; background-size: initial; background-repeat: initial; background-attachment: initial; background-origin: initial; background-clip: initial; vertical-align: middle; color: rgb(0, 0, 0);\"><span id=\"ingredientName2\">Water</span>&nbsp;<span style=\"left: 0px; width: 320px;\"></span></td><td style=\"padding-top: 5px; padding-right: 5px; padding-left: 5px; border: 1px solid rgb(167, 167, 167); background-image: initial; background-position: initial; background-size: initial; background-repeat: initial; background-attachment: initial; background-origin: initial; background-clip: initial; vertical-align: middle; text-align: center; color: rgb(0, 0, 0);\"><a class=\"fancybox\" href=\"https://www.yenersway.com/wp-content/uploads/2015/10/water-500x500.jpg\" style=\"color: rgb(48, 48, 48); outline: 0px; transition: background-color 0.15s linear 0s, color 0.15s linear 0s;\"><img src=\"https://www.yenersway.com/wp-content/uploads/2015/10/water-190x190.jpg\" style=\"border-radius: 3px; width: 40px; height: 40px;\"></a></td><td id=\"ingredientCondition2\" style=\"padding: 5px; border: 1px solid rgb(167, 167, 167); background-image: initial; background-position: initial; background-size: initial; background-repeat: initial; background-attachment: initial; background-origin: initial; background-clip: initial; vertical-align: middle; color: rgb(0, 0, 0);\">Cold</td></tr><tr style=\"background-color: rgb(196, 196, 196);\"><td class=\"column-1\" style=\"padding: 5px; border: 1px solid rgb(167, 167, 167); background: rgb(243, 243, 243); vertical-align: middle; text-align: center; color: rgb(0, 0, 0); width: 30px;\"><span style=\"font-size: 13px;\">C</span></td><td id=\"grams-3\" style=\"padding: 5px; border: 1px solid rgb(167, 167, 167); background: rgb(243, 243, 243); vertical-align: middle; color: rgb(0, 0, 0);\">18</td><td style=\"padding: 5px; border: 1px solid rgb(167, 167, 167); background: rgb(243, 243, 243); vertical-align: middle; color: rgb(0, 0, 0);\"><span id=\"altMetric-3\">0.6</span>&nbsp;<span id=\"altMetricText-3\">ounce</span></td><td style=\"padding: 5px; border: 1px solid rgb(167, 167, 167); background: rgb(243, 243, 243); vertical-align: middle; color: rgb(0, 0, 0);\"><span class=\"the-tooltip bottom black\" style=\"position: relative;\"><span style=\"border-bottom: 1px dotted rgb(0, 0, 0);\"><span id=\"ingredientName3\">Gelatin</span>&nbsp;</span><span style=\"border: none; border-radius: 5px; box-shadow: rgba(0, 0, 0, 0.3) 0px 1px 2px, rgba(255, 255, 255, 0.3) 0px 1px 0px inset; line-height: 1.5; opacity: 0; padding: 10px 20px; position: absolute; transition: all 0.2s ease 0s; visibility: hidden; width: 320px; z-index: 999; margin-top: 15px; top: 19px; background-color: rgb(65, 41, 90); color: rgb(255, 255, 255); text-shadow: rgb(0, 0, 0) 0px 1px 0px; left: 0px; font-size: 12px !important;\"></span></span>(powder or leaves)</td><td style=\"padding-top: 5px; padding-right: 5px; padding-left: 5px; border: 1px solid rgb(167, 167, 167); background: rgb(243, 243, 243); vertical-align: middle; text-align: center; color: rgb(0, 0, 0);\"><a class=\"fancybox\" href=\"https://www.yenersway.com/wp-content/uploads/2015/10/gelatine-powder.jpg\" style=\"color: rgb(48, 48, 48); outline: 0px; transition: background-color 0.15s linear 0s, color 0.15s linear 0s;\"><img src=\"https://www.yenersway.com/wp-content/uploads/2015/10/gelatine-powder-190x190.jpg\" style=\"border-radius: 3px; width: 40px; height: 40px;\"></a></td><td id=\"ingredientCondition3\" style=\"padding: 5px; border: 1px solid rgb(167, 167, 167); background: rgb(243, 243, 243); vertical-align: middle; color: rgb(0, 0, 0);\">Not soaked yet</td></tr><tr><td class=\"column-1\" style=\"padding: 5px; border: 1px solid rgb(167, 167, 167); background-image: initial; background-position: initial; background-size: initial; background-repeat: initial; background-attachment: initial; background-origin: initial; background-clip: initial; vertical-align: middle; text-align: center; color: rgb(0, 0, 0); width: 30px;\"><span style=\"font-size: 13px;\">D</span></td><td id=\"grams-4\" style=\"padding: 5px; border: 1px solid rgb(167, 167, 167); background-image: initial; background-position: initial; background-size: initial; background-repeat: initial; background-attachment: initial; background-origin: initial; background-clip: initial; vertical-align: middle; color: rgb(0, 0, 0);\">30</td><td style=\"padding: 5px; border: 1px solid rgb(167, 167, 167); background-image: initial; background-position: initial; background-size: initial; background-repeat: initial; background-attachment: initial; background-origin: initial; background-clip: initial; vertical-align: middle; color: rgb(0, 0, 0);\"><span id=\"altMetric-4\">1.1</span>&nbsp;<span id=\"altMetricText-4\">ounce</span></td><td style=\"padding: 5px; border: 1px solid rgb(167, 167, 167); background-image: initial; background-position: initial; background-size: initial; background-repeat: initial; background-attachment: initial; background-origin: initial; background-clip: initial; vertical-align: middle; color: rgb(0, 0, 0);\"><span class=\"the-tooltip bottom black\" style=\"position: relative;\"><span style=\"border-bottom: 1px dotted rgb(0, 0, 0);\"><span id=\"ingredientName4\">Glucose Syrup</span>&nbsp;</span><span style=\"border: none; border-radius: 5px; box-shadow: rgba(0, 0, 0, 0.3) 0px 1px 2px, rgba(255, 255, 255, 0.3) 0px 1px 0px inset; line-height: 1.5; opacity: 0; padding: 10px 20px; position: absolute; transition: all 0.2s ease 0s; visibility: hidden; width: 320px; z-index: 999; margin-top: 15px; top: 19px; background-color: rgb(65, 41, 90); color: rgb(255, 255, 255); text-shadow: rgb(0, 0, 0) 0px 1px 0px; left: 0px; font-size: 12px !important;\"><p style=\"margin-bottom: 20px; max-width: 100%;\"></p><br style=\"max-width: 100%;\"><p style=\"margin-bottom: 20px; max-width: 100%;\"></p></span></span>( approximately 43BE )</td><td style=\"padding-top: 5px; padding-right: 5px; padding-left: 5px; border: 1px solid rgb(167, 167, 167); background-image: initial; background-position: initial; background-size: initial; background-repeat: initial; background-attachment: initial; background-origin: initial; background-clip: initial; vertical-align: middle; text-align: center; color: rgb(0, 0, 0);\"><a class=\"fancybox\" href=\"https://www.yenersway.com/wp-content/uploads/2015/10/glucose-syrup-500x500.jpg\" style=\"color: rgb(48, 48, 48); outline: 0px; transition: background-color 0.15s linear 0s, color 0.15s linear 0s;\"><img src=\"https://www.yenersway.com/wp-content/uploads/2015/10/glucose-syrup-190x190.jpg\" style=\"border-radius: 3px; width: 40px; height: 40px;\"></a></td><td id=\"ingredientCondition4\" style=\"padding: 5px; border: 1px solid rgb(167, 167, 167); background-image: initial; background-position: initial; background-size: initial; background-repeat: initial; background-attachment: initial; background-origin: initial; background-clip: initial; vertical-align: middle; color: rgb(0, 0, 0);\">Firm ( approximately 43BE )</td></tr><tr style=\"background-color: rgb(196, 196, 196);\"><td class=\"column-1\" style=\"padding: 5px; border: 1px solid rgb(167, 167, 167); background: rgb(243, 243, 243); vertical-align: middle; text-align: center; color: rgb(0, 0, 0); width: 30px;\"><span style=\"font-size: 13px;\">E</span></td><td id=\"grams-5\" style=\"padding: 5px; border: 1px solid rgb(167, 167, 167); background: rgb(243, 243, 243); vertical-align: middle; color: rgb(0, 0, 0);\">1</td><td style=\"padding: 5px; border: 1px solid rgb(167, 167, 167); background: rgb(243, 243, 243); vertical-align: middle; color: rgb(0, 0, 0);\"><span id=\"altMetric-5\">0.2</span>&nbsp;<span id=\"altMetricText-5\">teaspoon</span></td><td style=\"padding: 5px; border: 1px solid rgb(167, 167, 167); background: rgb(243, 243, 243); vertical-align: middle; color: rgb(0, 0, 0);\"><span class=\"the-tooltip bottom black\" style=\"position: relative;\"><span style=\"border-bottom: 1px dotted rgb(0, 0, 0);\"><span id=\"ingredientName5\">Cream of Tartar</span></span></span></td></tr></tbody></table>', 'uploads/pdf/recipe', '', '<h5><font color=\"#000000\" size=\"3\" face=\"arial\">Notes<br></font><font color=\"#000000\" style=\"\" size=\"3\" face=\"arial\">The weights in the recipe table below will yield the following \'weight per unit\' and \'number of units\'.	If you would like to change the recipe to cater to a different \'weight per unit\' and/or \'number of units\', you can use the Recipe Calculator Tool below the ingredients table.</font></h5>', -1, 0, -1, 2.35, 1, 0, 1, '2018-10-29 08:38:14', '2018-10-29 18:44:39'),
(2, 'test tutorial', 'uploads/images/recipe', 'recipe-cover-20181030080330.png', NULL, 'https://www.youtube.com/watch?v=U0pj6DDE9-s', '', 'test', 'test', 'test', 'uploads/pdf/recipe', '', 'test', -1, 0, -1, 0, 0, 0, 1, '2018-10-30 14:03:30', '2018-10-30 14:04:42'),
(3, 'new test 1', 'uploads/images/recipe', 'recipe-cover-20181030101023.png', NULL, 'https://www.youtube.com/embed/x8BqBpOx45M', 'new test', 'new test1<br>', '<br>', '<br>', 'uploads/pdf/recipe', '', '<br>', -1, 0, -1, 0, 0, 0, 1, '2018-10-30 16:10:23', '2018-10-31 02:23:42'),
(4, 'Wafer Paper Poinsettia Tutorial', 'uploads/images/recipe', 'recipe-cover-20181121094905.png', 'https://vimeo.com/258016283', 'https://youtu.be/0SgRZRufWZE', '<p class=\"canvas-atom canvas-text Mb(1.0em) Mb(0)--sm Mt(0.8em)--sm\" type=\"text\" content=\"The Fighting Irish are competing for a perfect regular season and first-ever playoff berth; the Trojans are trying to avoid their first sub-.500 finish since 2000, and perhaps maintain the employment of coach Clay Helton.\" style=\"margin-bottom: 1em; color: rgb(0, 0, 0); font-family: Georgia, \" times=\"\" new=\"\" roman\",=\"\" serif;=\"\" font-size:=\"\" 18px;\"=\"\">The Fighting Irish are competing for a perfect regular season and first-ever playoff berth; the Trojans are trying to avoid their first sub-.500 finish since 2000, and perhaps maintain the employment of coach Clay Helton.</p><p class=\"canvas-atom canvas-text Mb(1.0em) Mb(0)--sm Mt(0.8em)--sm\" type=\"text\" content=\"If there are any similarities between the two programs on opposite ends of the football spectrum this season, it\'s that neither Helton nor Notre Dame coach Brian Kelly have direct control over their fate after Saturday.\" style=\"margin-bottom: 1em; color: rgb(0, 0, 0); font-family: Georgia, \" times=\"\" new=\"\" roman\",=\"\" serif;=\"\" font-size:=\"\" 18px;\"=\"\">While the Fighting Irish are ultimately at the mercy of the College Football Playoff selection committee, completing a 12-0 regular season should be sufficient. No undefeated team with Power Five conference designation -- which Notre Dame is granted through its affiliation with the Atlantic Coast Conference -- has ever been excluded from the Playoff field since its inception in 2014.<br></p>', '<br>', '<br>', '<br>', 'uploads/pdf/recipe', '', '<br>', -1, 0, -1, 15, 1, 1, 1, '2018-11-21 16:49:05', '2018-11-21 16:50:50'),
(5, 'Shadow Box Cake Tutorial', 'uploads/images/recipe', 'recipe-cover-20181121101922.png', NULL, 'https://youtu.be/Y7nfq7qMlxE', '<p class=\"canvas-atom canvas-text Mb(1.0em) Mb(0)--sm Mt(0.8em)--sm\" type=\"text\" content=\"The Fighting Irish are competing for a perfect regular season and first-ever playoff berth; the Trojans are trying to avoid their first sub-.500 finish since 2000, and perhaps maintain the employment of coach Clay Helton.\" style=\"margin-bottom: 1em; color: rgb(0, 0, 0); font-family: Georgia, \" times=\"\" new=\"\" roman\",=\"\" serif;=\"\" font-size:=\"\" 18px;\"=\"\">The Fighting Irish are competing for a perfect regular season and first-ever playoff berth; the Trojans are trying to avoid their first sub-.500 finish since 2000, and perhaps maintain the employment of coach Clay Helton.</p><p class=\"canvas-atom canvas-text Mb(1.0em) Mb(0)--sm Mt(0.8em)--sm\" type=\"text\" content=\"If there are any similarities between the two programs on opposite ends of the football spectrum this season, it\'s that neither Helton nor Notre Dame coach Brian Kelly have direct control over their fate after Saturday.\" style=\"margin-bottom: 1em; color: rgb(0, 0, 0); font-family: Georgia, \" times=\"\" new=\"\" roman\",=\"\" serif;=\"\" font-size:=\"\" 18px;\"=\"\">While the Fighting Irish are ultimately at the mercy of the College Football Playoff selection committee, completing a 12-0 regular season should be sufficient. No undefeated team with Power Five conference designation -- which Notre Dame is granted through its affiliation with the Atlantic Coast Conference -- has ever been excluded from the Playoff field since its inception in 2014.<br></p>', '<br>', '<br>', '<br>', 'uploads/pdf/recipe', '', '<br>', -1, 0, -1, NULL, 0, 0, 1, '2018-11-21 17:19:22', '2018-11-21 17:22:25');

-- --------------------------------------------------------

--
-- Table structure for table `recipes_category`
--

CREATE TABLE `recipes_category` (
  `recipes_category_id` int(11) NOT NULL,
  `name` text,
  `status` int(11) NOT NULL DEFAULT '1',
  `created_at` timestamp NOT NULL DEFAULT CURRENT_TIMESTAMP,
  `updated_at` timestamp NOT NULL DEFAULT CURRENT_TIMESTAMP
) ENGINE=InnoDB DEFAULT CHARSET=latin1;

--
-- Dumping data for table `recipes_category`
--

INSERT INTO `recipes_category` (`recipes_category_id`, `name`, `status`, `created_at`, `updated_at`) VALUES
(1, 'Testing category two', 1, '2018-10-29 08:26:12', '2018-11-20 08:16:45'),
(2, 'Paid', 0, '2018-10-29 08:26:27', '2018-12-01 02:23:39'),
(3, 'Structure', 1, '2018-10-29 08:26:47', '2018-10-29 08:26:47'),
(4, 'Chocolate', 1, '2018-10-29 08:27:02', '2018-10-29 08:27:02'),
(5, 'Strawberry', 1, '2018-10-29 08:27:17', '2018-10-29 08:27:17'),
(6, 'Birthday', 1, '2018-10-29 08:27:29', '2018-10-29 08:27:29'),
(7, 'Wedding', 1, '2018-10-29 08:27:42', '2018-10-29 08:27:42');

-- --------------------------------------------------------

--
-- Table structure for table `recipe_categories`
--

CREATE TABLE `recipe_categories` (
  `id` int(10) UNSIGNED NOT NULL,
  `recipe_id` int(11) NOT NULL,
  `recipes_category_id` int(11) NOT NULL,
  `deleted_at` timestamp NULL DEFAULT NULL,
  `created_at` timestamp NOT NULL DEFAULT '0000-00-00 00:00:00',
  `updated_at` timestamp NOT NULL DEFAULT '0000-00-00 00:00:00'
) ENGINE=InnoDB DEFAULT CHARSET=utf8 COLLATE=utf8_unicode_ci;

--
-- Dumping data for table `recipe_categories`
--

INSERT INTO `recipe_categories` (`id`, `recipe_id`, `recipes_category_id`, `deleted_at`, `created_at`, `updated_at`) VALUES
(7, 1, 2, NULL, '2018-10-29 18:44:38', '2018-10-29 18:44:38'),
(8, 1, 3, NULL, '2018-10-29 18:44:39', '2018-10-29 18:44:39'),
(9, 1, 6, NULL, '2018-10-29 18:44:39', '2018-10-29 18:44:39'),
(11, 2, 1, NULL, '2018-10-30 14:04:42', '2018-10-30 14:04:42'),
(13, 3, 1, NULL, '2018-10-31 02:23:42', '2018-10-31 02:23:42'),
(17, 4, 2, NULL, '2018-11-21 16:50:50', '2018-11-21 16:50:50');

-- --------------------------------------------------------

--
-- Table structure for table `recipe_photo`
--

CREATE TABLE `recipe_photo` (
  `recipe_photo_id` int(11) NOT NULL,
  `recipe_id` int(11) DEFAULT NULL,
  `path` text,
  `filename` text,
  `status` int(11) NOT NULL DEFAULT '1',
  `created_at` timestamp NOT NULL DEFAULT CURRENT_TIMESTAMP,
  `updated_at` timestamp NOT NULL DEFAULT CURRENT_TIMESTAMP
) ENGINE=InnoDB DEFAULT CHARSET=latin1;

--
-- Dumping data for table `recipe_photo`
--

INSERT INTO `recipe_photo` (`recipe_photo_id`, `recipe_id`, `path`, `filename`, `status`, `created_at`, `updated_at`) VALUES
(1, 1, 'uploads/images/images', 'recipe-cover-0STF-150422-cakes-2548-Edit.jpg', 1, '2018-10-29 08:38:15', '2018-10-29 08:38:15'),
(2, 2, 'uploads/images/images', 'recipe-cover-0051120081-01-chocolate-irish-whiskey-cake-recipe-main.jpg', 1, '2018-10-30 14:03:30', '2018-10-30 14:03:30');

-- --------------------------------------------------------

--
-- Table structure for table `reminders`
--

CREATE TABLE `reminders` (
  `id` int(10) UNSIGNED NOT NULL,
  `user_id` int(10) UNSIGNED NOT NULL,
  `code` varchar(255) COLLATE utf8_unicode_ci NOT NULL,
  `completed` tinyint(1) NOT NULL DEFAULT '0',
  `completed_at` timestamp NULL DEFAULT NULL,
  `created_at` timestamp NULL DEFAULT NULL,
  `updated_at` timestamp NULL DEFAULT NULL
) ENGINE=InnoDB DEFAULT CHARSET=utf8 COLLATE=utf8_unicode_ci;

-- --------------------------------------------------------

--
-- Table structure for table `roles`
--

CREATE TABLE `roles` (
  `id` int(10) UNSIGNED NOT NULL,
  `slug` varchar(255) COLLATE utf8_unicode_ci NOT NULL,
  `name` varchar(255) COLLATE utf8_unicode_ci NOT NULL,
  `permissions` text COLLATE utf8_unicode_ci,
  `created_by` int(20) DEFAULT NULL,
  `created_at` timestamp NULL DEFAULT NULL,
  `updated_at` timestamp NULL DEFAULT NULL
) ENGINE=InnoDB DEFAULT CHARSET=utf8 COLLATE=utf8_unicode_ci;

--
-- Dumping data for table `roles`
--

INSERT INTO `roles` (`id`, `slug`, `name`, `permissions`, `created_by`, `created_at`, `updated_at`) VALUES
(1, 'registered', '    Registered    ', '{\"front\":true,\"my-account\":true,\"index\":true}', 1, '2015-10-26 15:46:31', '2015-12-19 10:24:02'),
(2, 'administrator', '      Administrator      ', '{\"admin\":true,\"my-account\":true}', 1, '2015-12-19 07:00:47', '2015-12-19 10:27:50'),
(3, 'sdc-admin', 'SDC ADMIN', '{\"admin\":true}', 1, '2017-01-23 19:34:57', '2017-09-11 19:08:11');

-- --------------------------------------------------------

--
-- Table structure for table `role_users`
--

CREATE TABLE `role_users` (
  `user_id` int(10) UNSIGNED NOT NULL,
  `role_id` int(10) UNSIGNED NOT NULL,
  `created_at` timestamp NULL DEFAULT NULL,
  `updated_at` timestamp NULL DEFAULT NULL
) ENGINE=InnoDB DEFAULT CHARSET=utf8 COLLATE=utf8_unicode_ci;

--
-- Dumping data for table `role_users`
--

INSERT INTO `role_users` (`user_id`, `role_id`, `created_at`, `updated_at`) VALUES
(9, 2, '2017-03-13 04:52:26', '2017-03-13 04:52:26'),
(9, 3, '2017-03-13 04:52:26', '2017-03-13 04:52:26'),
(10, 1, '2017-12-28 02:40:24', '2017-12-28 02:40:24'),
(11, 1, '2018-01-08 02:48:27', '2018-01-08 02:48:27'),
(12, 1, '2018-01-30 04:45:58', '2018-01-30 04:45:58'),
(15, 1, '2018-02-01 17:14:24', '2018-02-01 17:14:24'),
(17, 1, '2018-02-01 17:15:53', '2018-02-01 17:15:53'),
(18, 1, '2018-02-01 17:28:20', '2018-02-01 17:28:20'),
(19, 1, '2018-02-08 04:03:02', '2018-02-08 04:03:02'),
(22, 1, '2018-02-22 00:28:03', '2018-02-22 00:28:03'),
(23, 1, '2018-02-27 03:47:22', '2018-02-27 03:47:22'),
(24, 1, '2018-02-27 03:52:36', '2018-02-27 03:52:36'),
(26, 1, '2018-02-27 03:54:22', '2018-02-27 03:54:22'),
(27, 1, '2018-03-03 09:30:19', '2018-03-03 09:30:19'),
(29, 1, '2018-03-19 07:20:18', '2018-03-19 07:20:18'),
(30, 1, '2018-04-23 02:27:07', '2018-04-23 02:27:07'),
(34, 1, '2018-05-11 04:51:10', '2018-05-11 04:51:10'),
(36, 1, '2018-05-11 05:10:13', '2018-05-11 05:10:13'),
(37, 1, '2018-09-21 01:50:20', '2018-09-21 01:50:20'),
(38, 1, '2018-10-14 17:02:58', '2018-10-14 17:02:58'),
(39, 1, '2018-11-05 07:21:55', '2018-11-05 07:21:55'),
(40, 3, '2018-11-06 05:17:14', '2018-11-06 05:17:14'),
(41, 1, '2018-11-07 18:59:41', '2018-11-07 18:59:41'),
(42, 1, '2018-11-07 19:09:23', '2018-11-07 19:09:23'),
(43, 1, '2018-11-07 19:12:32', '2018-11-07 19:12:32'),
(44, 1, '2018-11-07 19:43:25', '2018-11-07 19:43:25'),
(45, 1, '2018-11-07 21:32:05', '2018-11-07 21:32:05'),
(46, 1, '2018-11-07 22:15:53', '2018-11-07 22:15:53'),
(47, 1, '2018-11-08 06:13:22', '2018-11-08 06:13:22'),
(48, 1, '2018-11-22 01:10:32', '2018-11-22 01:10:32');

-- --------------------------------------------------------

--
-- Table structure for table `sa_billing_detail`
--

CREATE TABLE `sa_billing_detail` (
  `id` int(11) NOT NULL,
  `country_id` int(11) NOT NULL,
  `city` text NOT NULL,
  `province` text NOT NULL,
  `postcode` text NOT NULL,
  `street_addresss_1` text NOT NULL,
  `street_addresss_2` text NOT NULL,
  `first_name` text NOT NULL,
  `last_name` text NOT NULL,
  `phone` text NOT NULL,
  `email` text NOT NULL,
  `shipping_method` int(11) DEFAULT '1',
  `is_primary` int(11) NOT NULL DEFAULT '0',
  `created_by` int(11) NOT NULL,
  `created_at` timestamp NOT NULL DEFAULT CURRENT_TIMESTAMP,
  `updated_at` timestamp NULL DEFAULT CURRENT_TIMESTAMP ON UPDATE CURRENT_TIMESTAMP,
  `deleted_at` timestamp NULL DEFAULT NULL
) ENGINE=InnoDB DEFAULT CHARSET=latin1;

--
-- Dumping data for table `sa_billing_detail`
--

INSERT INTO `sa_billing_detail` (`id`, `country_id`, `city`, `province`, `postcode`, `street_addresss_1`, `street_addresss_2`, `first_name`, `last_name`, `phone`, `email`, `shipping_method`, `is_primary`, `created_by`, `created_at`, `updated_at`, `deleted_at`) VALUES
(1, 3, 'Floral Park', 'NY', '11004', '8266, 263rd ST', '', 'Galuge', 'Fernando', '9176885364', 'iamshanarox@gmail.com', 1, 1, 9, '2018-11-10 13:08:10', '2018-11-10 13:08:10', NULL);

-- --------------------------------------------------------

--
-- Table structure for table `sa_blog`
--

CREATE TABLE `sa_blog` (
  `id` int(11) NOT NULL,
  `name` text,
  `video_url` text,
  `start_date` date DEFAULT NULL,
  `end_date` date DEFAULT NULL,
  `description` text,
  `home` tinyint(1) DEFAULT NULL,
  `status` int(11) NOT NULL DEFAULT '1',
  `created_at` timestamp NULL DEFAULT NULL,
  `updated_at` timestamp NULL DEFAULT NULL,
  `front_image` text NOT NULL COMMENT 'main page of this image will be save as thum_imagename.png',
  `cover_image` text NOT NULL
) ENGINE=InnoDB DEFAULT CHARSET=latin1;

--
-- Dumping data for table `sa_blog`
--

INSERT INTO `sa_blog` (`id`, `name`, `video_url`, `start_date`, `end_date`, `description`, `home`, `status`, `created_at`, `updated_at`, `front_image`, `cover_image`) VALUES
(1, 'test', 'https://www.youtube.com/watch?wmode=transparent&v=U0pj6DDE9-s', '2018-10-30', '2018-10-30', '<p>test 123</p>', 1, 1, '2018-10-30 14:22:24', '2018-10-30 14:22:25', 'test-1540867944.png', 'cover_test-1540867944.png'),
(2, 'new Test 1', 'https://www.youtube.com/embed/x8BqBpOx45M', '2018-10-30', '2018-10-30', '<p>Nam quam nunc, blandit vel, luctus pulvinar, hendrerit id, lorem. Maecenas nec odio et ante tincidunt tempus. Donec vitae sapien ut libero venenatis faucibus. Nullam quis ante. Etiam sit amet orci eget eros faucibus tincidunt. Duis leo. S</p>', 1, 1, '2018-10-31 03:05:30', '2018-10-31 03:05:30', 'new-test-1-1540913730.png', 'cover_new-test-1-1540913730.png'),
(3, '2018 Top 10 Cake Artist USA', '', '2018-11-18', '2018-11-18', '', 0, 1, '2018-11-18 19:23:55', '2018-11-18 19:25:02', '2018-top-10-cake-artist-usa-1542524035.png', 'cover_2018-top-10-cake-artist-usa-1542524035.png'),
(4, '2018 Top 10 Cake Artist USA', '', '2018-11-18', '2018-11-22', '<p>Awarded as a Top 10 Cake Artist in the USA by Cake Masters Magazine for 2018!</p>\r\n<p>Awarded as a Top 10 Cake Artist in the USA by Cake Masters Magazine for 2018!</p>\r\n<p>Awarded as a Top 10 Cake Artist in the USA by Cake Masters Magazine for 2018!</p>', 0, 1, '2018-11-18 19:29:49', '2018-11-20 07:40:53', '2018-top-10-cake-artist-usa-1542524389.png', 'cover_2018-top-10-cake-artist-usa-1542524389.png');

-- --------------------------------------------------------

--
-- Table structure for table `sa_blog_image`
--

CREATE TABLE `sa_blog_image` (
  `id` int(11) NOT NULL,
  `blog_id` int(11) NOT NULL,
  `path` text,
  `filename` text,
  `created_at` timestamp NOT NULL DEFAULT CURRENT_TIMESTAMP ON UPDATE CURRENT_TIMESTAMP,
  `updated_at` timestamp NOT NULL DEFAULT '0000-00-00 00:00:00'
) ENGINE=InnoDB DEFAULT CHARSET=latin1;

--
-- Dumping data for table `sa_blog_image`
--

INSERT INTO `sa_blog_image` (`id`, `blog_id`, `path`, `filename`, `created_at`, `updated_at`) VALUES
(1, 1, 'core/storage/uploads/images/blog', 'blog-20181030082224-0.jpg', '2018-10-30 14:22:24', '2018-10-30 14:22:24'),
(2, 1, 'core/storage/uploads/images/blog', 'blog-20181030082224-1.jpg', '2018-10-30 14:22:24', '2018-10-30 14:22:24'),
(3, 1, 'core/storage/uploads/images/blog', 'blog-20181030082224-2.jpg', '2018-10-30 14:22:24', '2018-10-30 14:22:24'),
(4, 1, 'core/storage/uploads/images/blog', 'blog-20181030082224-3.jpg', '2018-10-30 14:22:24', '2018-10-30 14:22:24'),
(5, 2, 'core/storage/uploads/images/blog', 'blog-20181030210530-0.png', '2018-10-31 03:05:30', '2018-10-31 03:05:30'),
(6, 3, 'core/storage/uploads/images/blog', 'blog-20181118122355-0.jpg', '2018-11-18 19:23:55', '2018-11-18 19:23:55'),
(7, 3, 'core/storage/uploads/images/blog', 'blog-20181118122502-0.jpg', '2018-11-18 19:25:02', '2018-11-18 19:25:02'),
(8, 3, 'core/storage/uploads/images/blog', 'blog-20181118122502-1.jpg', '2018-11-18 19:25:02', '2018-11-18 19:25:02'),
(9, 4, 'core/storage/uploads/images/blog', 'blog-20181118122949-0.jpg', '2018-11-18 19:29:49', '2018-11-18 19:29:49'),
(10, 4, 'core/storage/uploads/images/blog', 'blog-20181118122949-1.jpg', '2018-11-18 19:29:49', '2018-11-18 19:29:49'),
(11, 4, 'core/storage/uploads/images/blog', 'blog-20181118122949-2.jpg', '2018-11-18 19:29:49', '2018-11-18 19:29:49');

-- --------------------------------------------------------

--
-- Table structure for table `sa_branch`
--

CREATE TABLE `sa_branch` (
  `id` int(11) NOT NULL,
  `name` varchar(45) DEFAULT NULL,
  `code` varchar(45) DEFAULT NULL,
  `address` varchar(45) DEFAULT NULL,
  `tel` varchar(45) DEFAULT NULL,
  `city_id` int(11) NOT NULL,
  `status` tinyint(4) NOT NULL DEFAULT '1',
  `created_at` datetime DEFAULT NULL,
  `updated_at` datetime DEFAULT NULL,
  `deleted_at` datetime DEFAULT NULL
) ENGINE=InnoDB DEFAULT CHARSET=latin1;

--
-- Dumping data for table `sa_branch`
--

INSERT INTO `sa_branch` (`id`, `name`, `code`, `address`, `tel`, `city_id`, `status`, `created_at`, `updated_at`, `deleted_at`) VALUES
(1, 'HEADOFFICE', '-', 'NEGAMBO', '756388155', 4, 1, '2016-09-29 16:31:30', '2016-10-13 09:48:48', NULL),
(2, 'KANDY', 'K-001', 'Kandy', '7995', 6, 1, '2017-01-18 19:03:04', '2017-01-18 19:03:04', NULL);

-- --------------------------------------------------------

--
-- Table structure for table `sa_colour`
--

CREATE TABLE `sa_colour` (
  `id` int(11) NOT NULL,
  `name` text NOT NULL,
  `created_at` timestamp NOT NULL DEFAULT CURRENT_TIMESTAMP ON UPDATE CURRENT_TIMESTAMP,
  `updated_at` timestamp NOT NULL DEFAULT '0000-00-00 00:00:00'
) ENGINE=InnoDB DEFAULT CHARSET=latin1;

--
-- Dumping data for table `sa_colour`
--

INSERT INTO `sa_colour` (`id`, `name`, `created_at`, `updated_at`) VALUES
(1, 'WHITE', '2017-04-23 01:49:27', '0000-00-00 00:00:00'),
(2, 'YELLOW', '2017-04-23 01:49:27', '0000-00-00 00:00:00'),
(3, 'BLUE', '2017-04-23 01:49:42', '0000-00-00 00:00:00'),
(4, 'RED', '2017-04-23 01:49:42', '0000-00-00 00:00:00'),
(5, 'GREEN', '2017-04-23 01:49:51', '0000-00-00 00:00:00'),
(6, 'GOLD', '2017-04-27 17:35:16', '0000-00-00 00:00:00');

-- --------------------------------------------------------

--
-- Table structure for table `sa_comment`
--

CREATE TABLE `sa_comment` (
  `id` int(10) UNSIGNED NOT NULL,
  `blog_id` int(11) NOT NULL,
  `name` varchar(255) COLLATE utf8_unicode_ci NOT NULL,
  `email` varchar(255) COLLATE utf8_unicode_ci NOT NULL,
  `content` text COLLATE utf8_unicode_ci NOT NULL,
  `created_at` timestamp NOT NULL DEFAULT '0000-00-00 00:00:00',
  `updated_at` timestamp NOT NULL DEFAULT '0000-00-00 00:00:00'
) ENGINE=InnoDB DEFAULT CHARSET=utf8 COLLATE=utf8_unicode_ci;

--
-- Dumping data for table `sa_comment`
--

INSERT INTO `sa_comment` (`id`, `blog_id`, `name`, `email`, `content`, `created_at`, `updated_at`) VALUES
(1, 4, 'abc', 'abc@abc.com', 'abc', '2018-11-20 16:43:53', '2018-11-20 16:43:53'),
(2, 4, 'Mayura Lakshitha Hettiarachchi', 'rullzzm@gmail.com', 'dfsdafsdfasdfasdf', '2018-11-20 20:34:51', '2018-11-20 20:34:51'),
(3, 4, 'fgfdg', 'dinusha@live.com', 'sdsds', '2018-11-20 20:34:58', '2018-11-20 20:34:58');

-- --------------------------------------------------------

--
-- Table structure for table `sa_country`
--

CREATE TABLE `sa_country` (
  `id` int(11) NOT NULL,
  `name` text NOT NULL,
  `created_at` timestamp NOT NULL DEFAULT CURRENT_TIMESTAMP ON UPDATE CURRENT_TIMESTAMP,
  `updated_at` timestamp NOT NULL DEFAULT '0000-00-00 00:00:00',
  `deleted_at` timestamp NULL DEFAULT NULL
) ENGINE=InnoDB DEFAULT CHARSET=latin1;

--
-- Dumping data for table `sa_country`
--

INSERT INTO `sa_country` (`id`, `name`, `created_at`, `updated_at`, `deleted_at`) VALUES
(1, 'SRI LANKA', '2017-12-11 18:31:19', '0000-00-00 00:00:00', NULL),
(2, 'ENGLAND', '2017-12-11 18:31:19', '0000-00-00 00:00:00', NULL),
(3, 'AMERICA', '2017-12-11 18:31:35', '0000-00-00 00:00:00', NULL),
(4, 'AFRICA', '2017-12-11 18:31:35', '0000-00-00 00:00:00', NULL);

-- --------------------------------------------------------

--
-- Table structure for table `sa_device`
--

CREATE TABLE `sa_device` (
  `id` int(11) NOT NULL,
  `name` text NOT NULL,
  `status` int(11) NOT NULL DEFAULT '1',
  `created_at` timestamp NULL DEFAULT NULL,
  `updated_at` timestamp NULL DEFAULT NULL,
  `deleted_at` timestamp NULL DEFAULT NULL
) ENGINE=InnoDB DEFAULT CHARSET=latin1;

--
-- Dumping data for table `sa_device`
--

INSERT INTO `sa_device` (`id`, `name`, `status`, `created_at`, `updated_at`, `deleted_at`) VALUES
(1, 'MOBILE', 1, '2017-03-31 07:09:24', '2017-03-31 07:09:24', NULL),
(2, 'EARPHONE', 1, '2017-03-31 07:10:11', '2017-03-31 07:10:11', NULL),
(3, 'SHELL / BACK', 1, '2017-03-31 07:10:28', '2017-03-31 07:10:28', NULL),
(4, 'BATTERY', 1, '2017-03-31 07:10:35', '2017-03-31 07:10:35', NULL);

-- --------------------------------------------------------

--
-- Table structure for table `sa_feature`
--

CREATE TABLE `sa_feature` (
  `id` int(11) NOT NULL,
  `name` text NOT NULL,
  `description` text,
  `status` int(11) DEFAULT '1',
  `created_at` timestamp NULL DEFAULT NULL,
  `updated_at` timestamp NULL DEFAULT NULL
) ENGINE=MyISAM DEFAULT CHARSET=latin1;

--
-- Dumping data for table `sa_feature`
--

INSERT INTO `sa_feature` (`id`, `name`, `description`, `status`, `created_at`, `updated_at`) VALUES
(2, 'Display', '', 1, '2017-04-13 18:49:58', '2017-04-24 18:23:09'),
(3, 'RAM', '', 1, '2017-04-13 18:50:08', '2017-04-13 18:50:08'),
(4, 'ROM', '', 1, '2017-04-13 18:50:14', '2017-04-13 18:50:14'),
(5, 'Operating System', '', 1, '2017-04-13 18:50:29', '2017-04-18 18:02:10'),
(6, 'Battery', '', 1, '2017-04-13 18:50:44', '2017-04-13 18:50:44'),
(7, 'CPU', '', 1, '2017-04-13 18:51:02', '2017-04-13 18:51:02'),
(8, 'Camera', '', 1, '2017-04-13 18:51:29', '2017-04-13 18:51:29'),
(9, 'Networks', '', 1, '2017-04-13 18:53:22', '2017-04-13 18:53:22');

-- --------------------------------------------------------

--
-- Table structure for table `sa_gallery`
--

CREATE TABLE `sa_gallery` (
  `id` int(11) NOT NULL,
  `album_name` text NOT NULL,
  `description` text,
  `categories` text NOT NULL,
  `path` text NOT NULL,
  `filename` text,
  `created_by` int(11) NOT NULL,
  `created_at` timestamp NULL DEFAULT NULL,
  `updated_at` timestamp NULL DEFAULT NULL,
  `deleted_at` timestamp NULL DEFAULT NULL,
  `status` int(11) NOT NULL DEFAULT '1'
) ENGINE=InnoDB DEFAULT CHARSET=latin1;

--
-- Dumping data for table `sa_gallery`
--

INSERT INTO `sa_gallery` (`id`, `album_name`, `description`, `categories`, `path`, `filename`, `created_by`, `created_at`, `updated_at`, `deleted_at`, `status`) VALUES
(1, 'test', 'test 123', '[\"1\"]', 'uploads/images/gallery', 'gallery-cover-20181030074631.jpg', 9, '2018-10-30 13:46:31', '2018-11-18 11:27:19', '2018-11-18 11:27:19', 1),
(2, 'new testn1', 'Nam quam nunc, blandit vel, luctus pulvinar, hendrerit id, lorem. Maecenas nec odio et ante tincidunt tempus. Donec vitae sapien ut libero venenatis faucibus. Nullam quis ante. Etiam sit amet orci eget eros faucibus tincidunt. Duis leo. ', 'null', 'uploads/images/gallery', 'gallery-cover-20181030210209.png', 9, '2018-10-31 03:02:09', '2018-11-18 11:27:26', '2018-11-18 11:27:26', 1),
(3, '18th Birthday \"Debutante Ball\" Cake', '', '[\"3\"]', 'uploads/images/gallery', 'gallery-cover-20181118042504.jpg', 40, '2018-11-18 11:25:04', '2018-11-18 11:28:18', NULL, 1),
(4, 'Elegant Ivory Wedding Cake', '', '[\"2\"]', 'uploads/images/gallery', 'gallery-cover-20181118044444.jpg', 40, '2018-11-18 11:44:44', '2018-11-18 11:44:44', NULL, 1),
(5, '1st Birthday \"Little Man Theme \" Cake', '', '[\"3\"]', 'uploads/images/gallery', 'gallery-cover-20181118052525.jpg', 40, '2018-11-18 12:25:25', '2018-11-18 12:26:58', '2018-11-18 12:26:58', 1),
(6, '	1st Birthday \"Little Man Theme \" Cake', '', '[\"3\"]', 'uploads/images/gallery', 'gallery-cover-20181118052957.jpg', 40, '2018-11-18 12:29:57', '2018-11-18 12:29:57', NULL, 1),
(7, 'Floral Wedding Cake', '', '[\"2\"]', 'uploads/images/gallery', 'gallery-cover-20181118070934.jpg', 40, '2018-11-18 14:09:35', '2018-11-18 14:09:35', NULL, 1),
(8, 'Elegant Ivory Wedding Cake(malindra)', '', '[\"2\"]', 'uploads/images/gallery', 'gallery-cover-20181120155551.jpg', 40, '2018-11-20 22:55:52', '2018-11-20 22:55:52', NULL, 1);

-- --------------------------------------------------------

--
-- Table structure for table `sa_gallery_category`
--

CREATE TABLE `sa_gallery_category` (
  `id` int(11) NOT NULL,
  `name` text NOT NULL,
  `created_by` int(11) NOT NULL,
  `status` int(11) NOT NULL DEFAULT '1',
  `created_at` timestamp NULL DEFAULT NULL,
  `updated_at` timestamp NULL DEFAULT NULL,
  `deleted_at` timestamp NULL DEFAULT NULL
) ENGINE=InnoDB DEFAULT CHARSET=latin1;

--
-- Dumping data for table `sa_gallery_category`
--

INSERT INTO `sa_gallery_category` (`id`, `name`, `created_by`, `status`, `created_at`, `updated_at`, `deleted_at`) VALUES
(1, 'test', 9, 1, '2018-10-30 13:39:01', '2018-10-31 02:57:22', '2018-10-31 02:57:22'),
(2, 'Wedding Cakes', 40, 1, '2018-11-18 10:34:36', '2018-11-18 10:34:36', NULL),
(3, 'Celebration Cakes', 40, 1, '2018-11-18 10:35:13', '2018-11-18 11:27:54', NULL),
(4, 'Sugar Flowers', 40, 1, '2018-11-18 10:35:29', '2018-11-18 10:35:29', NULL);

-- --------------------------------------------------------

--
-- Table structure for table `sa_gallery_image`
--

CREATE TABLE `sa_gallery_image` (
  `id` int(11) NOT NULL,
  `gallery_id` int(11) NOT NULL,
  `path` text NOT NULL,
  `filename` text NOT NULL,
  `created_at` timestamp NOT NULL DEFAULT CURRENT_TIMESTAMP ON UPDATE CURRENT_TIMESTAMP,
  `updated_at` timestamp NOT NULL DEFAULT '0000-00-00 00:00:00'
) ENGINE=InnoDB DEFAULT CHARSET=latin1;

--
-- Dumping data for table `sa_gallery_image`
--

INSERT INTO `sa_gallery_image` (`id`, `gallery_id`, `path`, `filename`, `created_at`, `updated_at`) VALUES
(1, 1, 'uploads/images/gallery', 'gallery-sub-20181030074631-0.jpg', '2018-10-30 13:46:31', '2018-10-30 13:46:31'),
(2, 1, 'uploads/images/gallery', 'gallery-sub-20181030074631-1.jpg', '2018-10-30 13:46:31', '2018-10-30 13:46:31'),
(3, 1, 'uploads/images/gallery', 'gallery-sub-20181030074631-2.jpg', '2018-10-30 13:46:31', '2018-10-30 13:46:31'),
(4, 1, 'uploads/images/gallery', 'gallery-sub-20181030074631-3.jpg', '2018-10-30 13:46:31', '2018-10-30 13:46:31'),
(5, 1, 'uploads/images/gallery', 'gallery-sub-20181030074631-4.jpg', '2018-10-30 13:46:31', '2018-10-30 13:46:31'),
(6, 2, 'uploads/images/gallery', 'gallery-sub-20181030210209-0.png', '2018-10-31 03:02:09', '2018-10-31 03:02:09'),
(7, 3, 'uploads/images/gallery', 'gallery-sub-20181118042504-0.jpg', '2018-11-18 11:25:04', '2018-11-18 11:25:04'),
(8, 3, 'uploads/images/gallery', 'gallery-sub-20181118042504-1.jpg', '2018-11-18 11:25:04', '2018-11-18 11:25:04'),
(9, 3, 'uploads/images/gallery', 'gallery-sub-20181118042504-2.jpg', '2018-11-18 11:25:04', '2018-11-18 11:25:04'),
(10, 4, 'uploads/images/gallery', 'gallery-sub-20181118044444-0.jpg', '2018-11-18 11:44:44', '2018-11-18 11:44:44'),
(11, 4, 'uploads/images/gallery', 'gallery-sub-20181118044444-1.jpg', '2018-11-18 11:44:44', '2018-11-18 11:44:44'),
(12, 4, 'uploads/images/gallery', 'gallery-sub-20181118044444-2.jpg', '2018-11-18 11:44:44', '2018-11-18 11:44:44'),
(13, 4, 'uploads/images/gallery', 'gallery-sub-20181118044444-3.jpg', '2018-11-18 11:44:44', '2018-11-18 11:44:44'),
(14, 4, 'uploads/images/gallery', 'gallery-sub-20181118044946-0.jpg', '2018-11-18 11:49:46', '2018-11-18 11:49:46'),
(15, 4, 'uploads/images/gallery', 'gallery-sub-20181118044946-1.jpg', '2018-11-18 11:49:46', '2018-11-18 11:49:46'),
(16, 4, 'uploads/images/gallery', 'gallery-sub-20181118044946-2.jpg', '2018-11-18 11:49:46', '2018-11-18 11:49:46'),
(17, 5, 'uploads/images/gallery', 'gallery-sub-20181118052525-0.jpg', '2018-11-18 12:25:25', '2018-11-18 12:25:25'),
(18, 5, 'uploads/images/gallery', 'gallery-sub-20181118052525-1.jpg', '2018-11-18 12:25:25', '2018-11-18 12:25:25'),
(19, 6, 'uploads/images/gallery', 'gallery-sub-20181118052957-0.jpg', '2018-11-18 12:29:57', '2018-11-18 12:29:57'),
(20, 6, 'uploads/images/gallery', 'gallery-sub-20181118052957-1.jpg', '2018-11-18 12:29:57', '2018-11-18 12:29:57'),
(21, 7, 'uploads/images/gallery', 'gallery-sub-20181118070935-0.jpg', '2018-11-18 14:09:35', '2018-11-18 14:09:35'),
(22, 7, 'uploads/images/gallery', 'gallery-sub-20181118071039-0.jpg', '2018-11-18 14:10:39', '2018-11-18 14:10:39'),
(23, 7, 'uploads/images/gallery', 'gallery-sub-20181118071039-1.jpg', '2018-11-18 14:10:39', '2018-11-18 14:10:39'),
(24, 8, 'uploads/images/gallery', 'gallery-sub-20181120155552-0.png', '2018-11-20 22:55:52', '2018-11-20 22:55:52'),
(25, 8, 'uploads/images/gallery', 'gallery-sub-20181120155552-1.png', '2018-11-20 22:55:52', '2018-11-20 22:55:52');

-- --------------------------------------------------------

--
-- Table structure for table `sa_honor`
--

CREATE TABLE `sa_honor` (
  `id` int(11) NOT NULL,
  `name` varchar(45) DEFAULT NULL,
  `description` text,
  `path` varchar(45) DEFAULT NULL,
  `filename` varchar(45) DEFAULT NULL,
  `type` int(11) NOT NULL,
  `url` varchar(45) DEFAULT NULL,
  `more_link` text,
  `created_at` timestamp(6) NULL DEFAULT NULL,
  `updated_at` timestamp(6) NULL DEFAULT NULL,
  `status` tinyint(1) DEFAULT '1'
) ENGINE=InnoDB DEFAULT CHARSET=utf8mb4;

--
-- Dumping data for table `sa_honor`
--

INSERT INTO `sa_honor` (`id`, `name`, `description`, `path`, `filename`, `type`, `url`, `more_link`, `created_at`, `updated_at`, `status`) VALUES
(0, '2018 Top 10 Cake Artist USA', '<p>Awarded as a Top 10 Cake Artist in the USA by Cake Masters Magazine for 2018!</p>', 'uploads/images/honor', 'honor-20181118114332.jpg', 0, '', '', '2018-11-18 18:43:32.000000', '2018-11-18 18:43:32.000000', 1),
(0, '2014 Michigan ICES Sugar Art Showcase', '<p>Won the Grand prize for the Steampunk cake that I made at the 2014 Michigan ICES Sugar Art Showcase&nbsp;</p>', 'uploads/images/honor', '', 1, 'https://youtu.be/AtaWIzXDrzA', '', '2018-11-18 18:45:14.000000', '2018-11-18 18:45:14.000000', 1),
(0, '2018 Top 10 Cake Artist USA', '<p>Awarded as a Top 10 Cake Artist in the USA by Cake Masters Magazine for 2018!</p>', 'uploads/images/honor', 'honor-20181120160327.jpg', 0, '', '', '2018-11-20 23:03:27.000000', '2018-11-20 23:03:27.000000', 1);

-- --------------------------------------------------------

--
-- Table structure for table `sa_last_shipping`
--

CREATE TABLE `sa_last_shipping` (
  `id` int(11) NOT NULL,
  `country_id` int(11) NOT NULL,
  `city` text NOT NULL,
  `province` text NOT NULL,
  `postcode` text NOT NULL,
  `street_addresss_1` text NOT NULL,
  `street_addresss_2` text NOT NULL,
  `first_name` text NOT NULL,
  `last_name` text NOT NULL,
  `phone` text NOT NULL,
  `email` text NOT NULL,
  `shipping_method` int(11) DEFAULT '1',
  `created_by` int(11) NOT NULL,
  `created_at` timestamp NOT NULL DEFAULT CURRENT_TIMESTAMP,
  `updated_at` timestamp NULL DEFAULT CURRENT_TIMESTAMP ON UPDATE CURRENT_TIMESTAMP,
  `deleted_at` timestamp NULL DEFAULT NULL
) ENGINE=InnoDB DEFAULT CHARSET=latin1;

--
-- Dumping data for table `sa_last_shipping`
--

INSERT INTO `sa_last_shipping` (`id`, `country_id`, `city`, `province`, `postcode`, `street_addresss_1`, `street_addresss_2`, `first_name`, `last_name`, `phone`, `email`, `shipping_method`, `created_by`, `created_at`, `updated_at`, `deleted_at`) VALUES
(1, 3, 'Floral Park', 'NY', '11004', '8266, 263rd ST', '', 'Galuge', 'Fernando', '9176885364', 'iamshanarox@gmail.com', 4, 9, '2018-11-10 13:08:10', '2018-11-10 13:08:29', NULL);

-- --------------------------------------------------------

--
-- Table structure for table `sa_news`
--

CREATE TABLE `sa_news` (
  `id` int(11) NOT NULL,
  `title` varchar(180) NOT NULL,
  `volume_no` varchar(180) DEFAULT NULL,
  `description` text NOT NULL,
  `video_link` text,
  `status` int(2) NOT NULL,
  `created_at` timestamp NOT NULL DEFAULT CURRENT_TIMESTAMP ON UPDATE CURRENT_TIMESTAMP,
  `updated_at` timestamp NOT NULL DEFAULT '0000-00-00 00:00:00',
  `cover_image` text NOT NULL,
  `front_image` text NOT NULL
) ENGINE=MyISAM DEFAULT CHARSET=latin1;

--
-- Dumping data for table `sa_news`
--

INSERT INTO `sa_news` (`id`, `title`, `volume_no`, `description`, `video_link`, `status`, `created_at`, `updated_at`, `cover_image`, `front_image`) VALUES
(4, 'DIY Weddings Magazine', 'Vol 27 March 2017', '<p>Modern Elegance</p>', '', 1, '2018-11-18 04:19:42', '2018-11-18 16:49:42', 'cover_-1542514780.png', '-1542514778.png'),
(2, 'new test 1', '5', '<p>Nam quam nunc, blandit vel, luctus pulvinar, hendrerit id, lorem. Maecenas nec odio et ante tincidunt tempus. Donec vitae sapien ut libero venenatis faucibus. Nullam quis ante. Etiam sit amet orci eget eros faucibus tincidunt. Duis leo. S</p>', 'https://www.youtube.com/embed/x8BqBpOx45M', 1, '2018-10-30 15:39:13', '2018-10-31 03:09:13', 'cover_new-test-1-1540913952.png', 'new-test-1-1540913952.png'),
(3, 'Detroit Weddings Magazine', 'Winter/Spring 2018', '<p>Agate Wedding Cakes</p>\r\n<p>Nam quam nunc, blandit vel, luctus pulvinar, hendrerit id, lorem. Maecenas nec odio et ante tincidunt tempus. Donec vitae sapien ut libero venenatis faucibus. Nullam quis ante. Etiam sit amet orci eget eros faucibus tincidunt. Duis leo. S&nbsp;Nam quam nunc, blandit vel, luctus pulvinar, hendrerit id, lorem. Maecenas nec odio et ante tincidunt tempus. Donec vitae sapien ut libero venenatis faucibus. Nullam quis ante. Etiam sit amet orci eget eros faucibus tincidunt. Duis leo. S</p>', '', 1, '2018-11-18 18:19:15', '2018-11-19 06:49:15', 'cover_-1542514835.png', '-1542516203.png'),
(5, 'Cake Central Magazine', 'Vol 7 Issue 1', '<p>SnakesHeads</p>', '', 0, '2018-11-18 04:44:09', '2018-11-18 17:14:09', 'cover_cake-central-magazine-1542515731.png', 'cake-central-magazine-1542515731.png'),
(6, 'Cake Masters Magazine', 'September 2016', '<p>Optical Illusion</p>', '', 0, '2018-11-18 04:53:46', '2018-11-18 17:23:46', 'cover_cake-masters-magazine-1542516824.png', 'cake-masters-magazine-1542516824.png'),
(7, 'American Cake Decorating Magazine', 'Nov-Dec 2014', '<p>3D Quilled Poinsettia</p>', '', 0, '2018-11-18 04:58:47', '2018-11-18 17:28:47', 'cover_american-cake-decorating-magazine-1542517123.png', 'american-cake-decorating-magazine-1542517123.png'),
(8, 'Cake Masters Magazine', 'November 2014', '<p>Steampunk Hat</p>', '', 0, '2018-11-18 05:13:49', '2018-11-18 17:43:49', 'cover_cake-masters-magazine-1542518028.png', 'cake-masters-magazine-1542518028.png'),
(9, 'American Cake Decorating Magazine', 'July-Aug 2016', '<p>Origami Cake</p>', '', 0, '2018-11-18 05:18:31', '2018-11-18 17:48:31', 'cover_american-cake-decorating-magazine-1542518311.png', 'american-cake-decorating-magazine-1542518311.png'),
(10, 'American Cake Decorating Magazine', 'May-June 2015', '<p>Shimmering Organza Ruffles</p>', '', 1, '2018-11-19 19:08:49', '2018-11-20 07:38:49', 'cover_american-cake-decorating-magazine-1542518402.png', 'american-cake-decorating-magazine-1542518402.png');

-- --------------------------------------------------------

--
-- Table structure for table `sa_news_image`
--

CREATE TABLE `sa_news_image` (
  `id` int(11) NOT NULL,
  `news_id` int(11) NOT NULL,
  `path` text NOT NULL,
  `file_name` text NOT NULL,
  `type` char(12) NOT NULL,
  `created_at` timestamp NOT NULL DEFAULT CURRENT_TIMESTAMP ON UPDATE CURRENT_TIMESTAMP,
  `updated_at` timestamp NOT NULL DEFAULT '0000-00-00 00:00:00'
) ENGINE=MyISAM DEFAULT CHARSET=latin1;

--
-- Dumping data for table `sa_news_image`
--

INSERT INTO `sa_news_image` (`id`, `news_id`, `path`, `file_name`, `type`, `created_at`, `updated_at`) VALUES
(1, 1, 'core/storage/uploads/images/news', 'news-featured-20181030081806-0.png', 'featured', '2018-10-30 14:18:07', '2018-10-30 14:18:07'),
(2, 2, 'core/storage/uploads/images/news', 'news-featured-20181030210913-0.png', 'featured', '2018-10-31 03:09:13', '2018-10-31 03:09:13'),
(3, 3, 'core/storage/uploads/images/news', 'news-featured-20181118085306-0.jpg', 'featured', '2018-11-18 15:53:06', '2018-11-18 15:53:06'),
(4, 3, 'uploads/images/news', 'news-featured-20181118085445-0.jpg', 'featured', '2018-11-18 15:54:45', '2018-11-18 15:54:45'),
(5, 4, 'core/storage/uploads/images/news', 'news-featured-20181118091222-0.png', 'featured', '2018-11-18 16:12:22', '2018-11-18 16:12:22'),
(6, 5, 'core/storage/uploads/images/news', 'news-featured-20181118100535-0.jpg', 'featured', '2018-11-18 17:05:35', '2018-11-18 17:05:35'),
(7, 5, 'core/storage/uploads/images/news', 'news-featured-20181118100535-1.jpg', 'featured', '2018-11-18 17:05:35', '2018-11-18 17:05:35'),
(8, 5, 'core/storage/uploads/images/news', 'news-featured-20181118100535-2.jpg', 'featured', '2018-11-18 17:05:35', '2018-11-18 17:05:35'),
(9, 5, 'core/storage/uploads/images/news', 'news-featured-20181118100535-3.jpg', 'featured', '2018-11-18 17:05:35', '2018-11-18 17:05:35'),
(10, 4, 'uploads/images/news', 'news-featured-20181118100940-0.png', 'featured', '2018-11-18 17:09:40', '2018-11-18 17:09:40'),
(11, 6, 'core/storage/uploads/images/news', 'news-featured-20181118102346-0.png', 'featured', '2018-11-18 17:23:46', '2018-11-18 17:23:46'),
(12, 6, 'core/storage/uploads/images/news', 'news-featured-20181118102346-1.png', 'featured', '2018-11-18 17:23:46', '2018-11-18 17:23:46'),
(13, 7, 'core/storage/uploads/images/news', 'news-featured-20181118102847-0.jpg', 'featured', '2018-11-18 17:28:47', '2018-11-18 17:28:47'),
(14, 7, 'core/storage/uploads/images/news', 'news-featured-20181118102847-1.jpg', 'featured', '2018-11-18 17:28:48', '2018-11-18 17:28:48'),
(15, 8, 'core/storage/uploads/images/news', 'news-featured-20181118104349-0.png', 'featured', '2018-11-18 17:43:49', '2018-11-18 17:43:49'),
(16, 8, 'core/storage/uploads/images/news', 'news-featured-20181118104349-1.jpg', 'featured', '2018-11-18 17:43:49', '2018-11-18 17:43:49'),
(17, 8, 'core/storage/uploads/images/news', 'news-featured-20181118104349-2.png', 'featured', '2018-11-18 17:43:49', '2018-11-18 17:43:49'),
(18, 9, 'core/storage/uploads/images/news', 'news-featured-20181118104831-0.png', 'featured', '2018-11-18 17:48:31', '2018-11-18 17:48:31'),
(19, 9, 'core/storage/uploads/images/news', 'news-featured-20181118104831-1.png', 'featured', '2018-11-18 17:48:31', '2018-11-18 17:48:31'),
(20, 10, 'core/storage/uploads/images/news', 'news-featured-20181118105003-0.jpg', 'featured', '2018-11-18 17:50:03', '2018-11-18 17:50:03');

-- --------------------------------------------------------

--
-- Table structure for table `sa_pages`
--

CREATE TABLE `sa_pages` (
  `id` int(11) NOT NULL,
  `page_name` varchar(100) NOT NULL,
  `allies_name` varchar(250) NOT NULL,
  `content` text CHARACTER SET utf8 COLLATE utf8_unicode_ci NOT NULL,
  `tittle` text NOT NULL,
  `tag_line` text NOT NULL,
  `path` text NOT NULL,
  `filename` text NOT NULL,
  `status` tinyint(4) NOT NULL,
  `created_at` datetime NOT NULL,
  `updated_at` datetime NOT NULL
) ENGINE=InnoDB DEFAULT CHARSET=latin1;

-- --------------------------------------------------------

--
-- Table structure for table `sa_paypal_transaction`
--

CREATE TABLE `sa_paypal_transaction` (
  `id` int(11) NOT NULL,
  `TOKEN` text NOT NULL,
  `TIMESTAMP` timestamp NULL DEFAULT NULL,
  `EMAIL` text NOT NULL,
  `PAYERID` text NOT NULL,
  `FIRSTNAME` text NOT NULL,
  `LASTNAME` text NOT NULL,
  `COUNTRYCODE` text NOT NULL,
  `CURRENCYCODE` text NOT NULL,
  `AMT` double NOT NULL,
  `DESCRIPTION` text NOT NULL,
  `INVNUM` text NOT NULL,
  `PAYMENTREQUESTINFO_0_ERRORCODE` text NOT NULL,
  `SHIPPINGAMT` double NOT NULL,
  `TAXAMT` double NOT NULL,
  `CORRELATIONID` text NOT NULL,
  `ACK` text NOT NULL,
  `VERSION` text NOT NULL,
  `PAYMENTINFO_0_SECUREMERCHANTACCOUNTID` text,
  `PAYMENTINFO_0_PAYMENTSTATUS` text,
  `PAYMENTINFO_0_TRANSACTIONID` text,
  `created_at` timestamp NOT NULL DEFAULT CURRENT_TIMESTAMP,
  `updated_at` timestamp NOT NULL DEFAULT CURRENT_TIMESTAMP ON UPDATE CURRENT_TIMESTAMP,
  `deleted_at` timestamp NULL DEFAULT NULL
) ENGINE=InnoDB DEFAULT CHARSET=latin1;

-- --------------------------------------------------------

--
-- Table structure for table `sa_privateclass_category`
--

CREATE TABLE `sa_privateclass_category` (
  `id` int(11) NOT NULL,
  `name` text NOT NULL,
  `description` text NOT NULL,
  `datetime` timestamp NULL DEFAULT NULL,
  `noofseat` int(11) NOT NULL,
  `price` double NOT NULL,
  `path` text NOT NULL,
  `filename` text NOT NULL,
  `created_by` int(11) NOT NULL,
  `created_at` timestamp NOT NULL DEFAULT '0000-00-00 00:00:00',
  `updated_at` timestamp NOT NULL DEFAULT '0000-00-00 00:00:00',
  `deleted_at` timestamp NULL DEFAULT NULL,
  `status` int(11) NOT NULL DEFAULT '1'
) ENGINE=InnoDB DEFAULT CHARSET=latin1;

--
-- Dumping data for table `sa_privateclass_category`
--

INSERT INTO `sa_privateclass_category` (`id`, `name`, `description`, `datetime`, `noofseat`, `price`, `path`, `filename`, `created_by`, `created_at`, `updated_at`, `deleted_at`, `status`) VALUES
(1, 'new Test 1', 'Nam quam nunc, blandit vel, luctus pulvinar, hendrerit id, lorem. Maecenas nec odio et ante tincidunt tempus. Donec vitae sapien ut libero venenatis faucibus. Nullam quis ante. Etiam sit amet orci eget eros faucibus tincidunt. Duis leo. S', NULL, 5, 300, 'uploads/images/privateclass', 'privateclass-cover-20181030205427.png', 9, '2018-10-31 02:54:27', '2018-10-31 02:57:22', '2018-10-31 02:57:22', 1),
(2, 'new Test 1', 'Nam quam nunc, blandit vel, luctus pulvinar, hendrerit id, lorem. Maecenas nec odio et ante tincidunt tempus. Donec vitae sapien ut libero venenatis faucibus. Nullam quis ante. Etiam sit amet orci eget eros faucibus tincidunt. Duis leo. S', NULL, 6, 600, 'uploads/images/privateclass', 'privateclass-cover-20181030205814.png', 9, '2018-10-31 02:58:14', '2018-10-31 02:58:14', NULL, 1);

-- --------------------------------------------------------

--
-- Table structure for table `sa_privateclass_image`
--

CREATE TABLE `sa_privateclass_image` (
  `id` int(11) NOT NULL,
  `privateclass_id` int(11) NOT NULL,
  `path` text NOT NULL,
  `filename` text NOT NULL,
  `created_at` timestamp NOT NULL DEFAULT CURRENT_TIMESTAMP ON UPDATE CURRENT_TIMESTAMP,
  `updated_at` timestamp NOT NULL DEFAULT '0000-00-00 00:00:00'
) ENGINE=InnoDB DEFAULT CHARSET=latin1;

--
-- Dumping data for table `sa_privateclass_image`
--

INSERT INTO `sa_privateclass_image` (`id`, `privateclass_id`, `path`, `filename`, `created_at`, `updated_at`) VALUES
(1, 1, 'uploads/images/privateclass', 'privateclass-sub-20181030205427-0.png', '2018-10-31 02:54:27', '2018-10-31 02:54:27'),
(2, 2, 'uploads/images/privateclass', 'privateclass-sub-20181030205814-0.png', '2018-10-31 02:58:14', '2018-10-31 02:58:14');

-- --------------------------------------------------------

--
-- Table structure for table `sa_privateclass_skill_level`
--

CREATE TABLE `sa_privateclass_skill_level` (
  `id` int(11) NOT NULL,
  `name` text NOT NULL
) ENGINE=InnoDB DEFAULT CHARSET=latin1;

--
-- Dumping data for table `sa_privateclass_skill_level`
--

INSERT INTO `sa_privateclass_skill_level` (`id`, `name`) VALUES
(1, 'Beginner'),
(2, 'Intermediate'),
(3, 'Advance'),
(4, 'Kids');

-- --------------------------------------------------------

--
-- Table structure for table `sa_privateclass_type`
--

CREATE TABLE `sa_privateclass_type` (
  `id` int(11) NOT NULL,
  `name` text NOT NULL,
  `created_at` timestamp NOT NULL DEFAULT CURRENT_TIMESTAMP,
  `updated_at` timestamp NOT NULL DEFAULT CURRENT_TIMESTAMP,
  `deleted_at` timestamp NULL DEFAULT NULL
) ENGINE=InnoDB DEFAULT CHARSET=latin1;

-- --------------------------------------------------------

--
-- Table structure for table `sa_private_class`
--

CREATE TABLE `sa_private_class` (
  `id` int(11) NOT NULL,
  `name` text NOT NULL,
  `email` text NOT NULL,
  `mobile` text NOT NULL,
  `parent_name` text NOT NULL,
  `requested_date` timestamp NULL DEFAULT NULL,
  `ip_address` text NOT NULL,
  `ip_address_location` text NOT NULL,
  `status` int(11) NOT NULL DEFAULT '1' COMMENT '1=PENDING,2=CONFIRMED',
  `created_at` timestamp NOT NULL DEFAULT '0000-00-00 00:00:00',
  `updated_at` timestamp NOT NULL DEFAULT '0000-00-00 00:00:00',
  `deleted_at` timestamp NULL DEFAULT NULL
) ENGINE=InnoDB DEFAULT CHARSET=latin1;

-- --------------------------------------------------------

--
-- Table structure for table `sa_privetclass_date_time`
--

CREATE TABLE `sa_privetclass_date_time` (
  `id` int(10) UNSIGNED NOT NULL,
  `privateclass_cat_id` int(11) NOT NULL,
  `date` varchar(200) COLLATE utf8_unicode_ci NOT NULL,
  `start` varchar(200) COLLATE utf8_unicode_ci NOT NULL,
  `end` varchar(200) COLLATE utf8_unicode_ci NOT NULL,
  `created_at` timestamp NOT NULL DEFAULT '0000-00-00 00:00:00',
  `updated_at` timestamp NOT NULL DEFAULT '0000-00-00 00:00:00'
) ENGINE=InnoDB DEFAULT CHARSET=utf8 COLLATE=utf8_unicode_ci;

--
-- Dumping data for table `sa_privetclass_date_time`
--

INSERT INTO `sa_privetclass_date_time` (`id`, `privateclass_cat_id`, `date`, `start`, `end`, `created_at`, `updated_at`) VALUES
(1, 1, '2018-11-05', '14:23', '17:23', '2018-10-31 02:54:27', '2018-10-31 02:54:27'),
(2, 2, '2018-11-05', '14:23', '17:23', '2018-10-31 02:58:14', '2018-10-31 02:58:14');

-- --------------------------------------------------------

--
-- Table structure for table `sa_product`
--

CREATE TABLE `sa_product` (
  `id` int(11) NOT NULL,
  `name` text NOT NULL,
  `model_no` text,
  `colour` text,
  `launch_date` date DEFAULT NULL,
  `series_id` int(11) NOT NULL,
  `device_id` int(11) NOT NULL,
  `description` text,
  `old_price` double NOT NULL DEFAULT '0',
  `price` double NOT NULL,
  `special_feature` text,
  `instock` int(11) NOT NULL DEFAULT '0',
  `rate` int(11) NOT NULL,
  `created_by` int(11) NOT NULL,
  `created_at` timestamp NULL DEFAULT NULL,
  `updated_at` timestamp NULL DEFAULT NULL,
  `deleted_at` timestamp NULL DEFAULT NULL,
  `status` int(11) NOT NULL DEFAULT '1'
) ENGINE=InnoDB DEFAULT CHARSET=latin1;

-- --------------------------------------------------------

--
-- Table structure for table `sa_productcreation`
--

CREATE TABLE `sa_productcreation` (
  `id` int(11) NOT NULL,
  `product_name` text,
  `description` text,
  `categories` text,
  `price` double DEFAULT NULL,
  `width` double DEFAULT NULL,
  `length` double DEFAULT NULL,
  `height` double DEFAULT NULL,
  `weight` double DEFAULT NULL,
  `qtyonhand` double DEFAULT NULL,
  `popularity` double DEFAULT NULL,
  `usps_mail_type` int(11) DEFAULT NULL,
  `usps_service_type` int(11) DEFAULT NULL,
  `usps_size` int(11) DEFAULT NULL,
  `pounds` double DEFAULT NULL,
  `ounces` double DEFAULT NULL,
  `created_by` int(11) DEFAULT NULL,
  `created_at` timestamp NULL DEFAULT CURRENT_TIMESTAMP ON UPDATE CURRENT_TIMESTAMP,
  `updated_at` timestamp NULL DEFAULT '0000-00-00 00:00:00',
  `deleted_at` timestamp NULL DEFAULT NULL,
  `status` int(11) DEFAULT '1',
  `on_sale` varchar(50) DEFAULT 'off',
  `sale_price` double DEFAULT '0',
  `start_date` date DEFAULT NULL,
  `end_date` date DEFAULT NULL,
  `cover_path` text NOT NULL,
  `cover_file` text NOT NULL
) ENGINE=InnoDB DEFAULT CHARSET=latin1;

--
-- Dumping data for table `sa_productcreation`
--

INSERT INTO `sa_productcreation` (`id`, `product_name`, `description`, `categories`, `price`, `width`, `length`, `height`, `weight`, `qtyonhand`, `popularity`, `usps_mail_type`, `usps_service_type`, `usps_size`, `pounds`, `ounces`, `created_by`, `created_at`, `updated_at`, `deleted_at`, `status`, `on_sale`, `sale_price`, `start_date`, `end_date`, `cover_path`, `cover_file`) VALUES
(1, 'Chocolate Cake', '<p>Contrary to popular belief, Lorem Ipsum is not simply random text. It has roots in a piece of classical Latin literature from 45 BC, making it over 2000 years old. Richard McClintock, a Latin professor at Hampden-Sydney College in Virginia, looked up one of the more obscure Latin words, consectetur, from a Lorem Ipsum passage, and going through the cites of the word in classical literature, discovered the undoubtable source. Lorem Ipsum comes from sections 1.10.32 and 1.10.33 of \"de Finibus Bonorum et Malorum\" (The Extremes of Good and Evil) by Cicero, written in 45 BC. This book is a treatise on the theory of ethics, very popular during the Renaissance. The first line of Lorem Ipsum, \"Lorem ipsum dolor sit amet..\", comes from a line in section 1.10.32.</p>\r\n<p>The standard chunk of Lorem Ipsum used since the 1500s is reproduced below for those interested. Sections 1.10.32 and 1.10.33 from \"de Finibus Bonorum et Malorum\" by Cicero are also reproduced in their exact original form, accompanied by English versions from the 1914 translation by H. Rackham.</p>', '[\"1\",\"3\"]', 14.5, 280, 200, 180, 10, 3, 4, 3, 7, 2, 1, 0.35274, 9, '2018-10-30 16:48:00', '2018-10-31 04:18:00', NULL, 1, 'on', 6, '2018-10-29', '2018-11-30', 'uploads/images/ProductCreation', 'product-cover-20181029032548.png'),
(2, 'swiss roll', '<p>test&nbsp;swiss roll</p>', '[\"1\"]', 100, 10, 10, 10, 1, 1, 0, 3, 6, 2, 10, 0.035274, 9, '2018-11-13 09:36:20', '2018-11-13 22:06:20', NULL, 1, NULL, 0, '0000-00-00', '0000-00-00', 'uploads/images/ProductCreation', 'product-cover-20181030075741.png'),
(3, 'New Test1', '<p>Nam quam nunc, blandit vel, luctus pulvinar, hendrerit id, lorem. Maecenas nec odio et ante tincidunt tempus. Donec vitae sapien ut libero venenatis faucibus. Nullam quis ante. Etiam sit amet orci eget eros faucibus tincidunt. Duis leo. S</p>', '[\"2\"]', 30, 10, 10, 10, 10, 10, 2, 3, 3, 2, 3, 0.35274, 9, '2018-10-30 16:08:49', '2018-10-31 03:38:49', '2018-10-31 03:38:49', 1, NULL, 0, '0000-00-00', '0000-00-00', 'uploads/images/ProductCreation', 'product-cover-20181030212713.png'),
(4, 'New Test1', '<p>Nam quam nunc, blandit vel, luctus pulvinar, hendrerit id, lorem. Maecenas nec odio et ante tincidunt tempus. Donec vitae sapien ut libero venenatis faucibus. Nullam quis ante. Etiam sit amet orci eget eros faucibus tincidunt. Duis leo. S</p>', '[\"3\"]', 30, 10, 10, 10, 3, 10, 2, 3, 3, 2, 2, 0.105822, 9, '2018-10-30 16:33:25', '2018-10-31 04:03:25', '2018-10-31 04:03:25', 1, NULL, 0, '0000-00-00', '0000-00-00', 'uploads/images/ProductCreation', 'product-cover-20181030215849.png');

-- --------------------------------------------------------

--
-- Table structure for table `sa_productcreation_category`
--

CREATE TABLE `sa_productcreation_category` (
  `id` int(11) NOT NULL,
  `name` text NOT NULL,
  `created_by` int(11) NOT NULL DEFAULT '0',
  `status` int(11) NOT NULL DEFAULT '1',
  `created_at` timestamp NOT NULL DEFAULT CURRENT_TIMESTAMP ON UPDATE CURRENT_TIMESTAMP,
  `updated_at` timestamp NOT NULL DEFAULT CURRENT_TIMESTAMP ON UPDATE CURRENT_TIMESTAMP,
  `deleted_at` timestamp NULL DEFAULT NULL
) ENGINE=InnoDB DEFAULT CHARSET=latin1;

--
-- Dumping data for table `sa_productcreation_category`
--

INSERT INTO `sa_productcreation_category` (`id`, `name`, `created_by`, `status`, `created_at`, `updated_at`, `deleted_at`) VALUES
(1, 'Cakes', 9, 1, '2017-12-25 04:23:43', '2017-12-25 04:23:43', NULL),
(2, 'Tools', 9, 1, '2018-10-29 09:16:26', '2018-10-29 09:16:26', NULL),
(3, 'Designs', 9, 1, '2018-10-29 09:17:13', '2018-10-29 09:17:13', NULL),
(4, 'Ideas', 9, 1, '2018-10-29 09:17:48', '2018-10-29 09:17:48', NULL);

-- --------------------------------------------------------

--
-- Table structure for table `sa_productcreation_image`
--

CREATE TABLE `sa_productcreation_image` (
  `id` int(11) NOT NULL,
  `productCreation_id` int(11) NOT NULL,
  `path` text NOT NULL,
  `filename` text NOT NULL,
  `created_at` timestamp NOT NULL DEFAULT CURRENT_TIMESTAMP ON UPDATE CURRENT_TIMESTAMP,
  `updated_at` timestamp NOT NULL DEFAULT '0000-00-00 00:00:00'
) ENGINE=InnoDB DEFAULT CHARSET=latin1;

--
-- Dumping data for table `sa_productcreation_image`
--

INSERT INTO `sa_productcreation_image` (`id`, `productCreation_id`, `path`, `filename`, `created_at`, `updated_at`) VALUES
(8, 1, 'uploads/images/ProductCreation', 'product-creation-20181029130552-0.png', '2018-10-29 19:05:52', '2018-10-29 19:05:52'),
(9, 1, 'uploads/images/ProductCreation', 'product-creation-20181029130552-1.jpg', '2018-10-29 19:05:52', '2018-10-29 19:05:52'),
(10, 1, 'uploads/images/ProductCreation', 'product-creation-20181029130552-2.jpg', '2018-10-29 19:05:52', '2018-10-29 19:05:52'),
(11, 1, 'uploads/images/ProductCreation', 'product-creation-20181029130552-3.jpg', '2018-10-29 19:05:52', '2018-10-29 19:05:52'),
(12, 1, 'uploads/images/ProductCreation', 'product-creation-20181029130552-4.jpg', '2018-10-29 19:05:52', '2018-10-29 19:05:52'),
(13, 2, 'uploads/images/ProductCreation', 'product-creation-20181030075741-0.jpg', '2018-10-30 13:57:41', '2018-10-30 13:57:41'),
(14, 2, 'uploads/images/ProductCreation', 'product-creation-20181030075741-1.jpg', '2018-10-30 13:57:41', '2018-10-30 13:57:41'),
(15, 3, 'uploads/images/ProductCreation', 'product-creation-20181030212806-0.png', '2018-10-31 03:28:06', '2018-10-31 03:28:06'),
(16, 4, 'uploads/images/ProductCreation', 'product-creation-20181030220001-0.png', '2018-10-31 04:00:01', '2018-10-31 04:00:01');

-- --------------------------------------------------------

--
-- Table structure for table `sa_product_feature`
--

CREATE TABLE `sa_product_feature` (
  `id` int(11) NOT NULL,
  `product_id` int(11) NOT NULL,
  `feature_id` int(11) NOT NULL,
  `feature_value` text,
  `status` int(11) NOT NULL DEFAULT '1',
  `created_at` timestamp NOT NULL DEFAULT CURRENT_TIMESTAMP ON UPDATE CURRENT_TIMESTAMP,
  `updated_at` timestamp NOT NULL DEFAULT '0000-00-00 00:00:00'
) ENGINE=InnoDB DEFAULT CHARSET=latin1;

-- --------------------------------------------------------

--
-- Table structure for table `sa_product_has_category_many`
--

CREATE TABLE `sa_product_has_category_many` (
  `id` int(11) NOT NULL,
  `category_id` int(11) NOT NULL,
  `product_id` int(11) NOT NULL,
  `created_at` timestamp NOT NULL DEFAULT CURRENT_TIMESTAMP,
  `updated_at` timestamp NOT NULL DEFAULT '0000-00-00 00:00:00',
  `deleted_at` timestamp NULL DEFAULT NULL
) ENGINE=InnoDB DEFAULT CHARSET=latin1;

--
-- Dumping data for table `sa_product_has_category_many`
--

INSERT INTO `sa_product_has_category_many` (`id`, `category_id`, `product_id`, `created_at`, `updated_at`, `deleted_at`) VALUES
(9, 1, 2, '2018-10-30 13:57:41', '2018-10-30 13:57:41', NULL),
(11, 2, 3, '2018-10-31 03:28:06', '2018-10-31 03:28:06', NULL),
(14, 3, 4, '2018-10-31 04:02:46', '2018-10-31 04:02:46', NULL),
(19, 1, 1, '2018-10-31 04:18:00', '2018-10-31 04:18:00', NULL),
(20, 3, 1, '2018-10-31 04:18:00', '2018-10-31 04:18:00', NULL);

-- --------------------------------------------------------

--
-- Table structure for table `sa_product_image`
--

CREATE TABLE `sa_product_image` (
  `id` int(11) NOT NULL,
  `product_id` int(11) NOT NULL,
  `path` text,
  `filename` text,
  `created_at` timestamp NULL DEFAULT NULL,
  `updated_at` timestamp NULL DEFAULT NULL,
  `deleted_at` timestamp NULL DEFAULT NULL
) ENGINE=InnoDB DEFAULT CHARSET=latin1;

-- --------------------------------------------------------

--
-- Table structure for table `sa_purchase`
--

CREATE TABLE `sa_purchase` (
  `id` int(11) NOT NULL,
  `inoice_no` text NOT NULL,
  `amount` double NOT NULL,
  `shipping_amount` double NOT NULL DEFAULT '0',
  `coupon_code` text,
  `coupon_value` double NOT NULL DEFAULT '0',
  `currency_code` text NOT NULL,
  `country_id` int(11) NOT NULL,
  `city` text NOT NULL,
  `province` text NOT NULL,
  `postcode` text NOT NULL,
  `street_addresss_1` text NOT NULL,
  `street_addresss_2` text NOT NULL,
  `first_name` text NOT NULL,
  `last_name` text NOT NULL,
  `phone` text NOT NULL,
  `email` text NOT NULL,
  `shipping_method` int(11) NOT NULL,
  `created_by` int(11) NOT NULL,
  `created_at` timestamp NOT NULL DEFAULT CURRENT_TIMESTAMP,
  `updated_at` timestamp NOT NULL DEFAULT CURRENT_TIMESTAMP ON UPDATE CURRENT_TIMESTAMP,
  `deleted_at` timestamp NULL DEFAULT NULL,
  `status` int(11) NOT NULL DEFAULT '1'
) ENGINE=InnoDB DEFAULT CHARSET=latin1;

-- --------------------------------------------------------

--
-- Table structure for table `sa_purchase_item`
--

CREATE TABLE `sa_purchase_item` (
  `id` int(11) NOT NULL,
  `purchase_id` int(11) NOT NULL,
  `item_id` int(11) NOT NULL,
  `name` text NOT NULL,
  `unit_price` double NOT NULL,
  `qty` double NOT NULL,
  `type` int(11) NOT NULL COMMENT '1=product,2=tutorial',
  `created_at` timestamp NULL DEFAULT CURRENT_TIMESTAMP,
  `updated_at` timestamp NULL DEFAULT CURRENT_TIMESTAMP ON UPDATE CURRENT_TIMESTAMP,
  `deleted_at` timestamp NULL DEFAULT NULL
) ENGINE=InnoDB DEFAULT CHARSET=latin1;

-- --------------------------------------------------------

--
-- Table structure for table `sa_rating`
--

CREATE TABLE `sa_rating` (
  `id` int(10) UNSIGNED NOT NULL,
  `product_id` int(11) NOT NULL,
  `name` varchar(200) COLLATE utf8_unicode_ci NOT NULL,
  `email` varchar(200) COLLATE utf8_unicode_ci NOT NULL,
  `contact_no` varchar(200) COLLATE utf8_unicode_ci NOT NULL,
  `review` varchar(200) COLLATE utf8_unicode_ci NOT NULL,
  `star_count` int(11) NOT NULL,
  `created_by` varchar(200) COLLATE utf8_unicode_ci NOT NULL,
  `deleted_at` timestamp NULL DEFAULT NULL,
  `created_at` timestamp NOT NULL DEFAULT '0000-00-00 00:00:00',
  `updated_at` timestamp NOT NULL DEFAULT '0000-00-00 00:00:00'
) ENGINE=InnoDB DEFAULT CHARSET=utf8 COLLATE=utf8_unicode_ci;

--
-- Dumping data for table `sa_rating`
--

INSERT INTO `sa_rating` (`id`, `product_id`, `name`, `email`, `contact_no`, `review`, `star_count`, `created_by`, `deleted_at`, `created_at`, `updated_at`) VALUES
(1, 1, 'SDC Developer', 'developer@admin.com', '123456', 'kjsahaksdhflaksdhflakhsdfka sdfasdf', 10, '9', NULL, '2018-10-29 18:42:17', '2018-10-29 18:42:17'),
(2, 1, 'Mayura Lakshitha Hettiarachchi', 'rullzzm@gmail.com', '719781498', 'sdfasdfasdf', 2, '0', NULL, '2018-10-30 04:57:05', '2018-10-30 04:57:05'),
(3, 1, 'Lakshitha Hettiarachchi', 'rullzzm@gmail.com', '713399099', 'asdfasdf', 1, '0', NULL, '2018-10-30 04:57:21', '2018-10-30 04:57:21'),
(4, 2, '', '', '', '', 0, '0', NULL, '2018-11-13 22:06:20', '2018-11-13 22:06:20');

-- --------------------------------------------------------

--
-- Table structure for table `sa_shipping_method`
--

CREATE TABLE `sa_shipping_method` (
  `id` int(11) NOT NULL,
  `name` text NOT NULL,
  `description` text,
  `created_at` timestamp NOT NULL DEFAULT CURRENT_TIMESTAMP,
  `updated_at` timestamp NOT NULL DEFAULT '0000-00-00 00:00:00' ON UPDATE CURRENT_TIMESTAMP,
  `deleted_at` timestamp NULL DEFAULT NULL
) ENGINE=InnoDB DEFAULT CHARSET=latin1;

--
-- Dumping data for table `sa_shipping_method`
--

INSERT INTO `sa_shipping_method` (`id`, `name`, `description`, `created_at`, `updated_at`, `deleted_at`) VALUES
(1, 'Standard International Post', 'Free  (3-6 week)', '2017-12-13 04:25:43', '0000-00-00 00:00:00', NULL),
(2, 'Excluseve International Post', 'Postage $ 10 (2-4 week)', '2017-12-13 04:25:43', '0000-00-00 00:00:00', NULL),
(3, 'Premium Post', 'Postage $ 50 (1-2 week)', '2017-12-13 04:26:30', '0000-00-00 00:00:00', NULL),
(4, 'For VIP clients', '$ 100 (3 days)', '2017-12-13 04:26:30', '0000-00-00 00:00:00', NULL);

-- --------------------------------------------------------

--
-- Table structure for table `sa_shopping_cart`
--

CREATE TABLE `sa_shopping_cart` (
  `id` int(11) NOT NULL,
  `product_id` int(11) NOT NULL,
  `type` int(11) NOT NULL,
  `product_name` varchar(35) DEFAULT NULL,
  `price` double NOT NULL,
  `qty` int(11) NOT NULL,
  `created_by` int(11) NOT NULL,
  `created_at` timestamp NOT NULL DEFAULT CURRENT_TIMESTAMP,
  `updated_at` timestamp NOT NULL DEFAULT CURRENT_TIMESTAMP,
  `deleted_at` timestamp NULL DEFAULT NULL
) ENGINE=InnoDB DEFAULT CHARSET=latin1;

--
-- Dumping data for table `sa_shopping_cart`
--

INSERT INTO `sa_shopping_cart` (`id`, `product_id`, `type`, `product_name`, `price`, `qty`, `created_by`, `created_at`, `updated_at`, `deleted_at`) VALUES
(1, 1, 2, 'How to make a cake structure', 2.35, 2, 9, '2018-10-29 18:45:04', '2018-10-29 18:46:40', '2018-10-29 18:46:40'),
(2, 1, 2, 'How to make a cake structure', 2.35, 2, 9, '2018-10-29 18:49:04', '2018-10-29 18:58:14', '2018-10-29 18:58:14'),
(3, 1, 1, 'Chocolate Cake', 14.5, 1, 9, '2018-10-29 18:57:51', '2018-10-29 18:57:55', '2018-10-29 18:57:55'),
(4, 1, 1, 'Chocolate Cake', 14.5, 1, 9, '2018-10-29 18:58:24', '2018-10-29 18:58:31', '2018-10-29 18:58:31'),
(5, 1, 2, 'How to make a cake structure', 2.35, 1, 9, '2018-10-29 19:00:35', '2018-10-29 19:00:47', '2018-10-29 19:00:47'),
(6, 1, 2, 'How to make a cake structure', 2.35, 1, 9, '2018-10-29 19:02:35', '2018-10-29 19:03:03', '2018-10-29 19:03:03'),
(7, 1, 2, 'How to make a cake structure', 2.35, 1, 9, '2018-11-10 13:07:44', '2018-11-10 13:07:44', NULL),
(8, 2, 1, 'swiss roll', 100, 2, 40, '2018-11-20 18:02:06', '2018-11-23 07:38:26', NULL);

-- --------------------------------------------------------

--
-- Table structure for table `sa_sort_type`
--

CREATE TABLE `sa_sort_type` (
  `id` int(11) NOT NULL,
  `value` int(11) NOT NULL,
  `name` text NOT NULL,
  `created_at` timestamp NULL DEFAULT NULL,
  `updated_at` timestamp NOT NULL DEFAULT '0000-00-00 00:00:00',
  `deleted_at` timestamp NULL DEFAULT NULL
) ENGINE=InnoDB DEFAULT CHARSET=latin1;

--
-- Dumping data for table `sa_sort_type`
--

INSERT INTO `sa_sort_type` (`id`, `value`, `name`, `created_at`, `updated_at`, `deleted_at`) VALUES
(1, 1, 'Sort by newest', '2018-02-13 07:00:00', '0000-00-00 00:00:00', NULL),
(2, 2, 'Sort by oldest', '2018-02-13 07:00:00', '0000-00-00 00:00:00', NULL),
(3, 3, 'Sort by popularity', NULL, '0000-00-00 00:00:00', NULL),
(4, 4, 'Sort by price: High to low', '2018-02-13 07:00:00', '0000-00-00 00:00:00', NULL),
(5, 5, 'Sort by price: Low to high', '2018-02-13 07:00:00', '0000-00-00 00:00:00', NULL);

-- --------------------------------------------------------

--
-- Table structure for table `sa_tasting_people_type`
--

CREATE TABLE `sa_tasting_people_type` (
  `id` int(11) NOT NULL,
  `name` text NOT NULL,
  `description` text NOT NULL,
  `price` double NOT NULL,
  `status` int(11) NOT NULL DEFAULT '1',
  `created_by` int(11) NOT NULL,
  `created_at` timestamp NOT NULL DEFAULT CURRENT_TIMESTAMP,
  `updated_at` timestamp NOT NULL DEFAULT CURRENT_TIMESTAMP ON UPDATE CURRENT_TIMESTAMP,
  `deleted_at` timestamp NULL DEFAULT NULL
) ENGINE=InnoDB DEFAULT CHARSET=latin1;

--
-- Dumping data for table `sa_tasting_people_type`
--

INSERT INTO `sa_tasting_people_type` (`id`, `name`, `description`, `price`, `status`, `created_by`, `created_at`, `updated_at`, `deleted_at`) VALUES
(1, 'Couple only', '', 30, 1, 9, '2017-10-18 06:20:13', '2018-01-14 19:45:43', NULL),
(2, 'Couple + 1 Guest', '', 45, 1, 9, '2017-10-18 06:20:32', '2018-01-14 19:46:21', NULL),
(3, 'Couple + 2 Guests', '', 60, 1, 9, '2018-01-14 19:46:47', '2018-01-14 19:46:47', NULL);

-- --------------------------------------------------------

--
-- Table structure for table `sa_terms_of_service`
--

CREATE TABLE `sa_terms_of_service` (
  `id` int(11) NOT NULL,
  `terms_of_service` text NOT NULL,
  `created_at` timestamp NOT NULL DEFAULT CURRENT_TIMESTAMP,
  `updated_at` timestamp NOT NULL DEFAULT CURRENT_TIMESTAMP ON UPDATE CURRENT_TIMESTAMP,
  `ftygf` int(11) NOT NULL
) ENGINE=InnoDB DEFAULT CHARSET=latin1;

--
-- Dumping data for table `sa_terms_of_service`
--

INSERT INTO `sa_terms_of_service` (`id`, `terms_of_service`, `created_at`, `updated_at`, `ftygf`) VALUES
(1, '<p>Please read these Terms of Service (\"Terms\", \"Terms of Service\") carefully before using the http://www.mywebsite.com (change this) website and the My Mobile App (change this) mobile application (the \"Service\") operated by My Company (change this) (\"us\", \"we\", or \"our\").</p>\r\n            <p>Your access to and use of the Service is conditioned on your acceptance of and compliance with these Terms. These Terms apply to all visitors, users and others who access or use the Service.</p>\r\n            <p>By accessing or using the Service you agree to be bound by these Terms. If you disagree with any part of the terms then you may not access the Service.</p>\r\n            <p>Termination</p>\r\n            <p>We may terminate or suspend access to our Service immediately, without prior notice or liability, for any reason whatsoever, including without limitation if you breach the Terms.</p>\r\n            <p>All provisions of the Terms which by their nature should survive termination shall survive termination, including, without limitation, ownership provisions, warranty disclaimers, indemnity and limitations of liability.</p>\r\n            <p>Subscriptions</p>\r\n            <p>Some parts of the Service are billed on a subscription basis (\"Subscription(s)\"). You will be billed in advance on a recurring ...</p>\r\n            <p>The Subscriptions section is for SaaS businesses. For the full disclosure section or for a “Purchases” section, create your own Terms of Service.</p>\r\n            <p>Content</p>\r\n            <p>Our Service allows you to post, link, store, share and otherwise make available certain information, text, graphics, videos, or other material (\"Content\"). You are responsible for the …</p>\r\n            <p>The Content section is for businesses that allow users to create, edit, share, make content on their websites or apps. For the full disclosure section, create your own Terms of Service.</p>\r\n            <p>Links To Other Web Sites</p>\r\n            <p>Our Service may contain links to third-party web sites or services that are not owned or controlled by My Company (change this).</p>\r\n            <p>My Company (change this) has no control over, and assumes no responsibility for, the content, privacy policies, or practices of any third party web sites or services. You further acknowledge and agree that My Company (change this) shall not be responsible or liable, directly or indirectly, for any damage or loss caused or alleged to be caused by or in connection with use of or reliance on any such content, goods or services available on or through any such web sites or services.</p>\r\n            <p>Changes</p>\r\n            <p>We reserve the right, at our sole discretion, to modify or replace these Terms at any time. If a revision is material we will try to provide at least 30 (change this) days\' notice prior to any new terms taking effect. What constitutes a material change will be determined at our sole discretion.</p>\r\n            <p>Contact Us</p>\r\n            <p>If you have any questions about these Terms, please contact us.</p>', '2018-10-19 15:50:07', '2018-10-19 15:50:59', 1);

-- --------------------------------------------------------

--
-- Table structure for table `sa_usps_mail_type`
--

CREATE TABLE `sa_usps_mail_type` (
  `id` int(11) NOT NULL,
  `name` text NOT NULL,
  `created_at` timestamp NOT NULL DEFAULT CURRENT_TIMESTAMP ON UPDATE CURRENT_TIMESTAMP,
  `updated_at` timestamp NOT NULL DEFAULT '0000-00-00 00:00:00',
  `deleted_at` timestamp NULL DEFAULT NULL
) ENGINE=InnoDB DEFAULT CHARSET=latin1;

--
-- Dumping data for table `sa_usps_mail_type`
--

INSERT INTO `sa_usps_mail_type` (`id`, `name`, `created_at`, `updated_at`, `deleted_at`) VALUES
(1, 'LETTER', '2018-05-08 19:51:33', '0000-00-00 00:00:00', NULL),
(2, 'FLAT', '2018-05-08 19:51:33', '0000-00-00 00:00:00', NULL),
(3, 'PARCEL', '2018-05-08 19:51:52', '0000-00-00 00:00:00', NULL),
(4, 'POSTCARD', '2018-05-08 19:51:52', '0000-00-00 00:00:00', NULL),
(5, 'PACKAGE SERVICE', '2018-05-08 19:52:06', '0000-00-00 00:00:00', NULL);

-- --------------------------------------------------------

--
-- Table structure for table `sa_usps_service_type`
--

CREATE TABLE `sa_usps_service_type` (
  `id` int(11) NOT NULL,
  `name` text NOT NULL,
  `created_at` timestamp NOT NULL DEFAULT CURRENT_TIMESTAMP,
  `updated_at` timestamp NOT NULL DEFAULT CURRENT_TIMESTAMP,
  `deleted_at` timestamp NULL DEFAULT NULL
) ENGINE=InnoDB DEFAULT CHARSET=latin1;

--
-- Dumping data for table `sa_usps_service_type`
--

INSERT INTO `sa_usps_service_type` (`id`, `name`, `created_at`, `updated_at`, `deleted_at`) VALUES
(1, 'FIRST CLASS', '2018-05-08 19:25:03', '2018-05-08 19:25:03', NULL),
(2, 'FIRST CLASS COMMERCIAL', '2018-05-08 19:25:03', '2018-05-08 19:25:03', NULL),
(3, 'PRIORITY', '2018-05-08 19:26:33', '2018-05-08 19:26:33', NULL),
(4, 'PRIORITY COMMERCIAL', '2018-05-08 19:26:33', '2018-05-08 19:26:33', NULL),
(5, 'PRIORITY HFP COMMERCIAL', '2018-05-08 19:26:33', '2018-05-08 19:26:33', NULL),
(6, 'EXPRESS', '2018-05-08 19:26:33', '2018-05-08 19:26:33', NULL),
(7, 'EXPRESS COMMERCIAL', '2018-05-08 19:26:33', '2018-05-08 19:26:33', NULL),
(8, 'EXPRESS SH', '2018-05-08 19:26:33', '2018-05-08 19:26:33', NULL),
(9, 'EXPRESS SH COMMERCIAL', '2018-05-08 19:26:33', '2018-05-08 19:26:33', NULL),
(10, 'EXPRESS HFP', '2018-05-08 19:26:33', '2018-05-08 19:26:33', NULL),
(11, 'EXPRESS HFP COMMERCIAL', '2018-05-08 19:47:01', '2018-05-08 19:47:01', NULL),
(12, 'PARCEL', '2018-05-08 19:47:01', '2018-05-08 19:47:01', NULL),
(13, 'MEDIA', '2018-05-08 19:47:31', '2018-05-08 19:47:31', NULL),
(14, 'LIBRARY', '2018-05-08 19:47:31', '2018-05-08 19:47:31', NULL),
(15, 'ONLINE', '2018-05-08 19:47:47', '2018-05-08 19:47:47', NULL);

-- --------------------------------------------------------

--
-- Table structure for table `sa_usps_size`
--

CREATE TABLE `sa_usps_size` (
  `id` int(11) NOT NULL,
  `name` text NOT NULL,
  `created_at` timestamp NOT NULL DEFAULT CURRENT_TIMESTAMP,
  `updated_at` timestamp NOT NULL DEFAULT CURRENT_TIMESTAMP,
  `deleted_at` timestamp NULL DEFAULT NULL
) ENGINE=InnoDB DEFAULT CHARSET=latin1;

--
-- Dumping data for table `sa_usps_size`
--

INSERT INTO `sa_usps_size` (`id`, `name`, `created_at`, `updated_at`, `deleted_at`) VALUES
(1, 'LARGE', '2018-05-09 02:18:43', '2018-05-09 02:18:43', NULL),
(2, 'REGULAR', '2018-05-09 02:18:43', '2018-05-09 02:18:43', NULL);

-- --------------------------------------------------------

--
-- Table structure for table `slides`
--

CREATE TABLE `slides` (
  `slides_id` int(10) UNSIGNED NOT NULL,
  `animation_type` int(11) NOT NULL,
  `image` varchar(255) COLLATE utf8_unicode_ci DEFAULT NULL,
  `animation_txt` text COLLATE utf8_unicode_ci,
  `btn_txt` varchar(255) COLLATE utf8_unicode_ci DEFAULT NULL,
  `btn_txt_color` text COLLATE utf8_unicode_ci,
  `btn_url` varchar(255) COLLATE utf8_unicode_ci DEFAULT NULL,
  `btn_clr` varchar(255) COLLATE utf8_unicode_ci DEFAULT NULL,
  `status` int(11) NOT NULL DEFAULT '1',
  `created_at` timestamp NOT NULL DEFAULT '0000-00-00 00:00:00',
  `updated_at` timestamp NOT NULL DEFAULT '0000-00-00 00:00:00'
) ENGINE=InnoDB DEFAULT CHARSET=utf8 COLLATE=utf8_unicode_ci;

--
-- Dumping data for table `slides`
--

INSERT INTO `slides` (`slides_id`, `animation_type`, `image`, `animation_txt`, `btn_txt`, `btn_txt_color`, `btn_url`, `btn_clr`, `status`, `created_at`, `updated_at`) VALUES
(1, 1, 'slider-1.png', '<p>&nbsp;</p>\r\n<p>&nbsp;</p>\r\n<p><span style=\"font-size: 36pt; color: #993300;\">Have your <strong>wedding cakes</strong></span></p>\r\n<p><span style=\"font-size: 36pt; color: #993300;\"><strong>designed</strong> by <strong>Us</strong></span></p>', 'Request a Quotation', '#ffffff', 'quotes', '#000000', 1, '2017-12-25 00:07:39', '2018-03-09 05:29:40'),
(2, 2, 'slider-2.png', '<p style=\"text-align: center;\"><span style=\"color: #993300; font-size: 36pt;\"><strong>Sweet Delights Cakery</strong></span></p>\r\n<p style=\"text-align: center;\"><span style=\"color: #ff0000; font-size: 36pt;\">offers</span></p>\r\n<p style=\"text-align: center;\"><span style=\"color: #993300; font-size: 36pt;\"><strong>Online classes</strong></span></p>\r\n<p style=\"text-align: center;\"><span style=\"color: #ff0000; font-size: 36pt;\"><em>To see </em></span></p>\r\n<p style=\"text-align: center;\"><span style=\"background-color: #ffff00; color: #ff0000; font-size: 36pt;\"><em>our complete selection</em></span></p>', 'Click here', '#ffffff', 'onlineTutorials', '#c60000', 1, '2017-12-25 00:10:22', '2018-07-05 09:26:25'),
(3, 3, 'slider-3.png', '<p style=\"text-align: left;\">&nbsp;</p>\r\n<p style=\"text-align: left;\">&nbsp;</p>\r\n<p style=\"text-align: left;\"><span style=\"font-size: 36pt;\"><strong><span style=\"color: #333399;\">Our wide Verity</span></strong></span></p>\r\n<p style=\"text-align: left;\"><span style=\"color: #99cc00; font-size: 36pt;\">of sculpted</span></p>\r\n<p style=\"text-align: left;\"><span style=\"color: #008080; font-size: 36pt;\">&amp; special occation</span></p>\r\n<p style=\"text-align: left;\"><span style=\"color: #000080; font-size: 36pt;\">cakes</span></p>', 'Check our Selection', '#ffffff', 'productload?type=cake&category=all', '#000000', 1, '2017-12-25 00:14:44', '2018-03-09 05:33:06');

-- --------------------------------------------------------

--
-- Table structure for table `tasting`
--

CREATE TABLE `tasting` (
  `id` int(11) NOT NULL,
  `people_type_id` int(11) DEFAULT NULL,
  `event_date` timestamp NULL DEFAULT NULL,
  `details` text,
  `first_name` varchar(255) DEFAULT NULL,
  `last_name` varchar(255) DEFAULT NULL,
  `province` varchar(255) DEFAULT NULL,
  `post_code` varchar(255) DEFAULT NULL,
  `venue` varchar(255) DEFAULT NULL,
  `phone` varchar(15) DEFAULT NULL,
  `email` varchar(255) DEFAULT NULL,
  `accepted_date` timestamp NULL DEFAULT NULL,
  `ip_address` text NOT NULL,
  `ip_location` text NOT NULL,
  `status` int(11) NOT NULL DEFAULT '1',
  `created_at` timestamp NULL DEFAULT NULL,
  `updated_at` timestamp NULL DEFAULT NULL,
  `deleted_at` datetime DEFAULT NULL
) ENGINE=MyISAM DEFAULT CHARSET=latin1;

--
-- Dumping data for table `tasting`
--

INSERT INTO `tasting` (`id`, `people_type_id`, `event_date`, `details`, `first_name`, `last_name`, `province`, `post_code`, `venue`, `phone`, `email`, `accepted_date`, `ip_address`, `ip_location`, `status`, `created_at`, `updated_at`, `deleted_at`) VALUES
(1, 1, '0000-00-00 00:00:00', '<p>text text</p>', 'SDC', 'ADMIN', NULL, NULL, 'abc', '', 'abc@abc.com', NULL, '68.32.85.226', '', 1, '2018-11-19 17:29:24', '2018-11-19 17:29:24', NULL),
(2, 1, '0000-00-00 00:00:00', '', 'SDC', 'ADMIN', NULL, NULL, '123', '', 'abc@abc.com', NULL, '68.32.85.226', '', 1, '2018-11-20 16:37:03', '2018-11-20 16:37:03', NULL),
(3, 1, '0000-00-00 00:00:00', '<p>Test by&nbsp;<a href=\"https://www.facebook.com/cybertechInt.lk/\" target=\"_blank\" rel=\"noopener\">Cybertech Int</a></p>', 'SDC', 'Developer', NULL, NULL, 'colombo ', '123456', 'developer@admin.com', '2018-11-26 19:34:15', '124.43.17.92', '', 2, '2018-11-26 19:22:35', '2018-11-26 19:34:15', NULL),
(4, 1, '0000-00-00 00:00:00', '<p>Test by new&nbsp;<a href=\"https://www.facebook.com/cybertechInt.lk/\" target=\"_blank\" rel=\"noopener\">Cybertech Int</a></p>', 'Test', 'Cybertech Int', NULL, NULL, 'Colombo', '123456', 'TestCybertechInt@admin.com', '2018-11-26 19:31:05', '124.43.17.92', '', -1, '2018-11-26 19:24:21', '2018-11-26 19:33:36', NULL);

-- --------------------------------------------------------

--
-- Table structure for table `testimonials`
--

CREATE TABLE `testimonials` (
  `testimonials_id` int(11) NOT NULL,
  `name` text,
  `testimonial` text,
  `url` text,
  `status` int(11) NOT NULL DEFAULT '1',
  `created_at` datetime NOT NULL DEFAULT CURRENT_TIMESTAMP,
  `updated_at` datetime NOT NULL DEFAULT CURRENT_TIMESTAMP
) ENGINE=InnoDB DEFAULT CHARSET=latin1;

--
-- Dumping data for table `testimonials`
--

INSERT INTO `testimonials` (`testimonials_id`, `name`, `testimonial`, `url`, `status`, `created_at`, `updated_at`) VALUES
(1, 'new test 1', '<p>orem ipsum dolor sit amet, consectetuer adipiscing elit. Aenean commodo ligula eget dolor. Aenean massa. Cum sociis natoque penatibus et magnis dis parturient montes, nascetur ridiculus mus. Donec quam felis, ultricies nec, pellentesque eu, pretium quis, sem. Nulla consequat massa quis enim. Donec pede justo, fringilla vel,&nbsp;</p>', '', 1, '2018-10-30 20:41:06', '2018-10-30 20:41:06'),
(2, 'new test 2', '<p>Nam quam nunc, blandit vel, luctus pulvinar, hendrerit id, lorem. Maecenas nec odio et ante tincidunt tempus. Donec vitae sapien ut libero venenatis faucibus. Nullam quis ante. Etiam sit amet orci eget eros faucibus tincidunt. Duis leo. S</p>', '', 1, '2018-10-30 20:41:45', '2018-10-30 20:41:45'),
(3, 'Julia O', '<p>Nisha made our wedding cake for our fall rustic wedding. 5 Stars all around. I could not have asked for a more talented, patient, and dedicated vendor than Nisha at Sweet Delights Cakery. From the beginning, everything had a very personal touch. Our cake was not one found in a magazine or from a template, but was a masterpiece that was created just for us. It all started with choosing the flavors, from which there is a wide variety to choose. Just as I finished raving about how great the carrot cake was at our tasting, I was just as impressed with the cream cheese and vanilla bourbon icing we tasted. I had already visited one other vendor in Michigan, and this cake was much better, by far, and in the same price range. There was no question after our tasting that we would have our cake made by Nisha. But, it didn&rsquo;t end there. Nisha worked with many designs I had sent her and compiled all of these into one beautiful dream cake. She was very patient if I would change my mind or want to see a different variation of her sketch. It was so much fun to see our visions come to life in her sketches. She coordinated the colors perfectly by having me send her swatches from flowers and decorations we would have at the wedding. She is so passionate about her work and is truly invested in giving you exactly what you want! We had so many compliments from our guests about how great the cake looked and tasted. I give her the highest recommendation for a wedding cake vendor, and for any special occasion in which you are aiming to impress. She uses many unique techniques that amount in an unforgettable piece of delicious art.</p>', 'https://www.theknot.com/marketplace/sweet-delights-cakery-west-bloomfield-mi-889157', 1, '2018-11-18 20:55:15', '2018-11-18 20:55:15'),
(4, 'Deios Leo', '<p>Nam quam nunc, blandit vel, luctus pulvinar, hendrerit id, lorem. Maecenas nec odio et ante tincidunt tempus. Donec vitae sapien ut libero venenatis faucibus. Nullam quis ante. Etiam sit amet orci eget eros faucibus tincidunt.</p>', '', 1, '2018-11-18 22:29:42', '2018-11-18 22:29:42'),
(5, 'jkjk', '', '', 0, '2018-11-20 00:48:11', '2018-11-20 00:48:18');

-- --------------------------------------------------------

--
-- Table structure for table `throttle`
--

CREATE TABLE `throttle` (
  `id` int(10) UNSIGNED NOT NULL,
  `user_id` int(10) UNSIGNED DEFAULT NULL,
  `type` varchar(255) COLLATE utf8_unicode_ci NOT NULL,
  `ip` varchar(255) COLLATE utf8_unicode_ci DEFAULT NULL,
  `created_at` timestamp NULL DEFAULT NULL,
  `updated_at` timestamp NULL DEFAULT NULL
) ENGINE=InnoDB DEFAULT CHARSET=utf8 COLLATE=utf8_unicode_ci;

--
-- Dumping data for table `throttle`
--

INSERT INTO `throttle` (`id`, `user_id`, `type`, `ip`, `created_at`, `updated_at`) VALUES
(1, NULL, 'global', NULL, '2015-07-11 17:35:27', '2015-07-11 17:35:27'),
(2, NULL, 'ip', '127.0.0.1', '2015-07-11 17:35:28', '2015-07-11 17:35:28'),
(3, NULL, 'global', NULL, '2015-07-11 17:36:28', '2015-07-11 17:36:28'),
(4, NULL, 'ip', '127.0.0.1', '2015-07-11 17:36:28', '2015-07-11 17:36:28'),
(5, NULL, 'global', NULL, '2015-07-13 16:14:23', '2015-07-13 16:14:23'),
(6, NULL, 'ip', '127.0.0.1', '2015-07-13 16:14:23', '2015-07-13 16:14:23'),
(7, 1, 'user', NULL, '2015-07-13 16:14:23', '2015-07-13 16:14:23'),
(8, NULL, 'global', NULL, '2015-07-26 21:54:02', '2015-07-26 21:54:02'),
(9, NULL, 'ip', '127.0.0.1', '2015-07-26 21:54:02', '2015-07-26 21:54:02'),
(10, 1, 'user', NULL, '2015-07-26 21:54:02', '2015-07-26 21:54:02'),
(11, NULL, 'global', NULL, '2015-08-13 21:18:09', '2015-08-13 21:18:09'),
(12, NULL, 'ip', '127.0.0.1', '2015-08-13 21:18:09', '2015-08-13 21:18:09'),
(13, 1, 'user', NULL, '2015-08-13 21:18:09', '2015-08-13 21:18:09'),
(14, NULL, 'global', NULL, '2015-08-13 21:20:45', '2015-08-13 21:20:45'),
(15, NULL, 'ip', '127.0.0.1', '2015-08-13 21:20:45', '2015-08-13 21:20:45'),
(16, 1, 'user', NULL, '2015-08-13 21:20:45', '2015-08-13 21:20:45'),
(17, NULL, 'global', NULL, '2015-08-18 15:01:17', '2015-08-18 15:01:17'),
(18, NULL, 'ip', '127.0.0.1', '2015-08-18 15:01:17', '2015-08-18 15:01:17'),
(19, 1, 'user', NULL, '2015-08-18 15:01:17', '2015-08-18 15:01:17'),
(20, NULL, 'global', NULL, '2015-08-20 15:27:44', '2015-08-20 15:27:44'),
(21, NULL, 'ip', '127.0.0.1', '2015-08-20 15:27:44', '2015-08-20 15:27:44'),
(22, 1, 'user', NULL, '2015-08-20 15:27:45', '2015-08-20 15:27:45'),
(23, NULL, 'global', NULL, '2015-08-20 16:22:53', '2015-08-20 16:22:53'),
(24, NULL, 'ip', '127.0.0.1', '2015-08-20 16:22:53', '2015-08-20 16:22:53'),
(25, 1, 'user', NULL, '2015-08-20 16:22:54', '2015-08-20 16:22:54'),
(26, NULL, 'global', NULL, '2015-08-20 16:23:06', '2015-08-20 16:23:06'),
(27, NULL, 'ip', '127.0.0.1', '2015-08-20 16:23:06', '2015-08-20 16:23:06'),
(28, 1, 'user', NULL, '2015-08-20 16:23:06', '2015-08-20 16:23:06'),
(29, NULL, 'global', NULL, '2015-08-20 16:23:09', '2015-08-20 16:23:09'),
(30, NULL, 'ip', '127.0.0.1', '2015-08-20 16:23:09', '2015-08-20 16:23:09'),
(31, 1, 'user', NULL, '2015-08-20 16:23:09', '2015-08-20 16:23:09'),
(32, NULL, 'global', NULL, '2015-08-20 16:25:59', '2015-08-20 16:25:59'),
(33, NULL, 'ip', '127.0.0.1', '2015-08-20 16:25:59', '2015-08-20 16:25:59'),
(34, 1, 'user', NULL, '2015-08-20 16:25:59', '2015-08-20 16:25:59'),
(35, NULL, 'global', NULL, '2015-08-20 16:26:18', '2015-08-20 16:26:18'),
(36, NULL, 'ip', '127.0.0.1', '2015-08-20 16:26:19', '2015-08-20 16:26:19'),
(37, 1, 'user', NULL, '2015-08-20 16:26:19', '2015-08-20 16:26:19'),
(38, NULL, 'global', NULL, '2015-08-20 16:27:25', '2015-08-20 16:27:25'),
(39, NULL, 'ip', '127.0.0.1', '2015-08-20 16:27:25', '2015-08-20 16:27:25'),
(40, 1, 'user', NULL, '2015-08-20 16:27:25', '2015-08-20 16:27:25'),
(41, NULL, 'global', NULL, '2015-08-25 02:36:12', '2015-08-25 02:36:12'),
(42, NULL, 'ip', '127.0.0.1', '2015-08-25 02:36:12', '2015-08-25 02:36:12'),
(43, NULL, 'global', NULL, '2015-08-25 02:38:25', '2015-08-25 02:38:25'),
(44, NULL, 'ip', '127.0.0.1', '2015-08-25 02:38:25', '2015-08-25 02:38:25'),
(45, NULL, 'global', NULL, '2015-08-25 02:39:09', '2015-08-25 02:39:09'),
(46, NULL, 'ip', '127.0.0.1', '2015-08-25 02:39:09', '2015-08-25 02:39:09'),
(47, NULL, 'global', NULL, '2015-08-25 02:39:44', '2015-08-25 02:39:44'),
(48, NULL, 'ip', '127.0.0.1', '2015-08-25 02:39:44', '2015-08-25 02:39:44'),
(49, NULL, 'global', NULL, '2015-08-25 02:39:49', '2015-08-25 02:39:49'),
(50, NULL, 'ip', '127.0.0.1', '2015-08-25 02:39:50', '2015-08-25 02:39:50'),
(51, NULL, 'global', NULL, '2015-08-25 02:41:29', '2015-08-25 02:41:29'),
(52, NULL, 'ip', '127.0.0.1', '2015-08-25 02:41:29', '2015-08-25 02:41:29'),
(53, NULL, 'global', NULL, '2015-08-25 18:56:45', '2015-08-25 18:56:45'),
(54, NULL, 'ip', '127.0.0.1', '2015-08-25 18:56:45', '2015-08-25 18:56:45'),
(55, NULL, 'global', NULL, '2015-08-26 19:18:20', '2015-08-26 19:18:20'),
(56, NULL, 'ip', '192.168.1.35', '2015-08-26 19:18:21', '2015-08-26 19:18:21'),
(57, NULL, 'global', NULL, '2015-08-26 19:18:23', '2015-08-26 19:18:23'),
(58, NULL, 'ip', '192.168.1.35', '2015-08-26 19:18:23', '2015-08-26 19:18:23'),
(59, NULL, 'global', NULL, '2015-08-26 19:18:27', '2015-08-26 19:18:27'),
(60, NULL, 'ip', '192.168.1.35', '2015-08-26 19:18:27', '2015-08-26 19:18:27'),
(61, NULL, 'global', NULL, '2015-08-26 19:18:31', '2015-08-26 19:18:31'),
(62, NULL, 'ip', '192.168.1.35', '2015-08-26 19:18:31', '2015-08-26 19:18:31'),
(63, NULL, 'global', NULL, '2015-08-26 19:18:36', '2015-08-26 19:18:36'),
(64, NULL, 'ip', '192.168.1.35', '2015-08-26 19:18:36', '2015-08-26 19:18:36'),
(65, NULL, 'global', NULL, '2015-08-26 19:18:48', '2015-08-26 19:18:48'),
(66, NULL, 'global', NULL, '2015-08-27 14:50:50', '2015-08-27 14:50:50'),
(67, NULL, 'ip', '127.0.0.1', '2015-08-27 14:50:50', '2015-08-27 14:50:50'),
(68, 1, 'user', NULL, '2015-08-27 14:50:50', '2015-08-27 14:50:50'),
(69, NULL, 'global', NULL, '2015-08-30 18:12:57', '2015-08-30 18:12:57'),
(70, NULL, 'ip', '127.0.0.1', '2015-08-30 18:12:57', '2015-08-30 18:12:57'),
(71, NULL, 'global', NULL, '2015-08-30 18:21:13', '2015-08-30 18:21:13'),
(72, NULL, 'ip', '127.0.0.1', '2015-08-30 18:21:14', '2015-08-30 18:21:14'),
(73, NULL, 'global', NULL, '2015-09-06 22:33:36', '2015-09-06 22:33:36'),
(74, NULL, 'ip', '127.0.0.1', '2015-09-06 22:33:36', '2015-09-06 22:33:36'),
(75, NULL, 'global', NULL, '2015-09-18 17:15:18', '2015-09-18 17:15:18'),
(76, NULL, 'ip', '192.168.1.15', '2015-09-18 17:15:18', '2015-09-18 17:15:18'),
(77, NULL, 'global', NULL, '2015-09-18 17:15:22', '2015-09-18 17:15:22'),
(78, NULL, 'ip', '192.168.1.15', '2015-09-18 17:15:22', '2015-09-18 17:15:22'),
(79, NULL, 'global', NULL, '2015-09-18 17:15:30', '2015-09-18 17:15:30'),
(80, NULL, 'ip', '192.168.1.15', '2015-09-18 17:15:30', '2015-09-18 17:15:30'),
(81, NULL, 'global', NULL, '2015-09-18 17:15:34', '2015-09-18 17:15:34'),
(82, NULL, 'ip', '192.168.1.15', '2015-09-18 17:15:34', '2015-09-18 17:15:34'),
(83, NULL, 'global', NULL, '2015-09-18 17:15:40', '2015-09-18 17:15:40'),
(84, NULL, 'ip', '192.168.1.15', '2015-09-18 17:15:40', '2015-09-18 17:15:40'),
(85, NULL, 'global', NULL, '2015-10-30 01:07:26', '2015-10-30 01:07:26'),
(86, NULL, 'ip', '127.0.0.1', '2015-10-30 01:07:26', '2015-10-30 01:07:26'),
(87, 1, 'user', NULL, '2015-10-30 01:07:26', '2015-10-30 01:07:26'),
(88, NULL, 'global', NULL, '2015-10-30 01:07:30', '2015-10-30 01:07:30'),
(89, NULL, 'ip', '127.0.0.1', '2015-10-30 01:07:30', '2015-10-30 01:07:30'),
(90, 1, 'user', NULL, '2015-10-30 01:07:30', '2015-10-30 01:07:30'),
(91, NULL, 'global', NULL, '2015-10-30 01:07:34', '2015-10-30 01:07:34'),
(92, NULL, 'ip', '127.0.0.1', '2015-10-30 01:07:34', '2015-10-30 01:07:34'),
(93, 1, 'user', NULL, '2015-10-30 01:07:34', '2015-10-30 01:07:34'),
(94, NULL, 'global', NULL, '2015-10-30 01:07:41', '2015-10-30 01:07:41'),
(95, NULL, 'ip', '127.0.0.1', '2015-10-30 01:07:41', '2015-10-30 01:07:41'),
(96, 1, 'user', NULL, '2015-10-30 01:07:41', '2015-10-30 01:07:41'),
(97, NULL, 'global', NULL, '2015-10-30 01:07:48', '2015-10-30 01:07:48'),
(98, NULL, 'ip', '127.0.0.1', '2015-10-30 01:07:48', '2015-10-30 01:07:48'),
(99, 1, 'user', NULL, '2015-10-30 01:07:48', '2015-10-30 01:07:48'),
(100, NULL, 'global', NULL, '2015-10-30 01:07:52', '2015-10-30 01:07:52'),
(101, NULL, 'ip', '127.0.0.1', '2015-10-30 01:07:52', '2015-10-30 01:07:52'),
(102, 1, 'user', NULL, '2015-10-30 01:07:52', '2015-10-30 01:07:52'),
(103, NULL, 'global', NULL, '2015-11-04 15:43:02', '2015-11-04 15:43:02'),
(104, NULL, 'ip', '127.0.0.1', '2015-11-04 15:43:02', '2015-11-04 15:43:02'),
(105, 1, 'user', NULL, '2015-11-04 15:43:02', '2015-11-04 15:43:02'),
(106, NULL, 'global', NULL, '2015-11-07 23:56:55', '2015-11-07 23:56:55'),
(107, NULL, 'ip', '127.0.0.1', '2015-11-07 23:56:55', '2015-11-07 23:56:55'),
(108, NULL, 'global', NULL, '2015-11-07 23:57:01', '2015-11-07 23:57:01'),
(109, NULL, 'ip', '127.0.0.1', '2015-11-07 23:57:01', '2015-11-07 23:57:01'),
(110, NULL, 'global', NULL, '2015-11-19 06:39:36', '2015-11-19 06:39:36'),
(111, NULL, 'ip', '127.0.0.1', '2015-11-19 06:39:36', '2015-11-19 06:39:36'),
(112, NULL, 'global', NULL, '2015-11-19 06:39:43', '2015-11-19 06:39:43'),
(113, NULL, 'ip', '127.0.0.1', '2015-11-19 06:39:43', '2015-11-19 06:39:43'),
(114, NULL, 'global', NULL, '2015-11-19 06:42:14', '2015-11-19 06:42:14'),
(115, NULL, 'ip', '127.0.0.1', '2015-11-19 06:42:14', '2015-11-19 06:42:14'),
(116, NULL, 'global', NULL, '2015-11-19 06:42:27', '2015-11-19 06:42:27'),
(117, NULL, 'ip', '127.0.0.1', '2015-11-19 06:42:27', '2015-11-19 06:42:27'),
(118, NULL, 'global', NULL, '2015-11-19 06:42:36', '2015-11-19 06:42:36'),
(119, NULL, 'ip', '127.0.0.1', '2015-11-19 06:42:36', '2015-11-19 06:42:36'),
(120, NULL, 'global', NULL, '2015-11-19 08:57:03', '2015-11-19 08:57:03'),
(121, NULL, 'ip', '::1', '2015-11-19 08:57:03', '2015-11-19 08:57:03'),
(122, NULL, 'global', NULL, '2015-11-19 08:57:06', '2015-11-19 08:57:06'),
(123, NULL, 'ip', '::1', '2015-11-19 08:57:06', '2015-11-19 08:57:06'),
(124, NULL, 'global', NULL, '2015-11-19 09:56:24', '2015-11-19 09:56:24'),
(125, NULL, 'ip', '::1', '2015-11-19 09:56:24', '2015-11-19 09:56:24'),
(126, 1, 'user', NULL, '2015-11-19 09:56:24', '2015-11-19 09:56:24'),
(127, NULL, 'global', NULL, '2015-11-19 09:56:27', '2015-11-19 09:56:27'),
(128, NULL, 'ip', '::1', '2015-11-19 09:56:27', '2015-11-19 09:56:27'),
(129, 1, 'user', NULL, '2015-11-19 09:56:27', '2015-11-19 09:56:27'),
(130, NULL, 'global', NULL, '2015-11-24 06:43:05', '2015-11-24 06:43:05'),
(131, NULL, 'ip', '::1', '2015-11-24 06:43:05', '2015-11-24 06:43:05'),
(132, 1, 'user', NULL, '2015-11-24 06:43:05', '2015-11-24 06:43:05'),
(133, NULL, 'global', NULL, '2015-11-24 13:44:15', '2015-11-24 13:44:15'),
(134, NULL, 'ip', '::1', '2015-11-24 13:44:15', '2015-11-24 13:44:15'),
(135, NULL, 'global', NULL, '2015-12-03 13:42:12', '2015-12-03 13:42:12'),
(136, NULL, 'ip', '::1', '2015-12-03 13:42:12', '2015-12-03 13:42:12'),
(137, 1, 'user', NULL, '2015-12-03 13:42:12', '2015-12-03 13:42:12'),
(138, NULL, 'global', NULL, '2015-12-03 15:02:03', '2015-12-03 15:02:03'),
(139, NULL, 'ip', '::1', '2015-12-03 15:02:03', '2015-12-03 15:02:03'),
(140, 1, 'user', NULL, '2015-12-03 15:02:03', '2015-12-03 15:02:03'),
(141, NULL, 'global', NULL, '2015-12-04 06:12:59', '2015-12-04 06:12:59'),
(142, NULL, 'ip', '127.0.0.1', '2015-12-04 06:12:59', '2015-12-04 06:12:59'),
(143, 1, 'user', NULL, '2015-12-04 06:12:59', '2015-12-04 06:12:59'),
(144, NULL, 'global', NULL, '2015-12-04 06:13:02', '2015-12-04 06:13:02'),
(145, NULL, 'ip', '127.0.0.1', '2015-12-04 06:13:02', '2015-12-04 06:13:02'),
(146, 1, 'user', NULL, '2015-12-04 06:13:02', '2015-12-04 06:13:02'),
(147, NULL, 'global', NULL, '2015-12-19 10:58:50', '2015-12-19 10:58:50'),
(148, NULL, 'ip', '127.0.0.1', '2015-12-19 10:58:50', '2015-12-19 10:58:50'),
(149, 1, 'user', NULL, '2015-12-19 10:58:50', '2015-12-19 10:58:50'),
(150, NULL, 'global', NULL, '2016-01-09 12:58:55', '2016-01-09 12:58:55'),
(151, NULL, 'ip', '192.168.1.121', '2016-01-09 12:58:55', '2016-01-09 12:58:55'),
(153, NULL, 'global', NULL, '2016-01-09 12:59:26', '2016-01-09 12:59:26'),
(154, NULL, 'ip', '192.168.1.121', '2016-01-09 12:59:26', '2016-01-09 12:59:26'),
(156, NULL, 'global', NULL, '2016-01-09 12:59:41', '2016-01-09 12:59:41'),
(157, NULL, 'ip', '192.168.1.121', '2016-01-09 12:59:41', '2016-01-09 12:59:41'),
(159, NULL, 'global', NULL, '2016-01-09 13:00:07', '2016-01-09 13:00:07'),
(160, NULL, 'ip', '192.168.1.121', '2016-01-09 13:00:07', '2016-01-09 13:00:07'),
(162, NULL, 'global', NULL, '2016-01-12 06:20:41', '2016-01-12 06:20:41'),
(163, NULL, 'ip', '192.168.1.142', '2016-01-12 06:20:41', '2016-01-12 06:20:41'),
(165, NULL, 'global', NULL, '2016-01-12 06:20:50', '2016-01-12 06:20:50'),
(166, NULL, 'ip', '192.168.1.142', '2016-01-12 06:20:50', '2016-01-12 06:20:50'),
(168, NULL, 'global', NULL, '2016-01-12 06:21:03', '2016-01-12 06:21:03'),
(169, NULL, 'ip', '192.168.1.142', '2016-01-12 06:21:03', '2016-01-12 06:21:03'),
(171, NULL, 'global', NULL, '2016-01-12 06:21:16', '2016-01-12 06:21:16'),
(172, NULL, 'ip', '192.168.1.142', '2016-01-12 06:21:16', '2016-01-12 06:21:16'),
(174, NULL, 'global', NULL, '2016-01-12 06:22:23', '2016-01-12 06:22:23'),
(175, NULL, 'ip', '192.168.1.142', '2016-01-12 06:22:23', '2016-01-12 06:22:23'),
(177, NULL, 'global', NULL, '2016-01-12 06:22:58', '2016-01-12 06:22:58'),
(178, NULL, 'ip', '192.168.1.142', '2016-01-12 06:22:58', '2016-01-12 06:22:58'),
(180, NULL, 'global', NULL, '2016-01-12 06:36:27', '2016-01-12 06:36:27'),
(181, NULL, 'ip', '192.168.1.142', '2016-01-12 06:36:27', '2016-01-12 06:36:27'),
(183, NULL, 'global', NULL, '2016-01-12 06:36:33', '2016-01-12 06:36:33'),
(184, NULL, 'ip', '192.168.1.142', '2016-01-12 06:36:33', '2016-01-12 06:36:33'),
(186, NULL, 'global', NULL, '2016-01-12 06:36:36', '2016-01-12 06:36:36'),
(187, NULL, 'ip', '192.168.1.142', '2016-01-12 06:36:36', '2016-01-12 06:36:36'),
(189, NULL, 'global', NULL, '2016-01-12 06:36:41', '2016-01-12 06:36:41'),
(190, NULL, 'ip', '192.168.1.142', '2016-01-12 06:36:41', '2016-01-12 06:36:41'),
(192, NULL, 'global', NULL, '2016-01-12 06:48:58', '2016-01-12 06:48:58'),
(193, NULL, 'ip', '192.168.1.142', '2016-01-12 06:48:58', '2016-01-12 06:48:58'),
(195, NULL, 'global', NULL, '2016-01-24 18:55:32', '2016-01-24 18:55:32'),
(196, NULL, 'ip', '127.0.0.1', '2016-01-24 18:55:32', '2016-01-24 18:55:32'),
(197, NULL, 'global', NULL, '2016-01-27 09:57:09', '2016-01-27 09:57:09'),
(198, NULL, 'ip', '127.0.0.1', '2016-01-27 09:57:09', '2016-01-27 09:57:09'),
(200, NULL, 'global', NULL, '2016-01-29 05:40:03', '2016-01-29 05:40:03'),
(201, NULL, 'ip', '127.0.0.1', '2016-01-29 05:40:03', '2016-01-29 05:40:03'),
(202, 1, 'user', NULL, '2016-01-29 05:40:03', '2016-01-29 05:40:03'),
(203, NULL, 'global', NULL, '2016-02-11 05:59:12', '2016-02-11 05:59:12'),
(204, NULL, 'ip', '127.0.0.1', '2016-02-11 05:59:12', '2016-02-11 05:59:12'),
(205, 1, 'user', NULL, '2016-02-11 05:59:12', '2016-02-11 05:59:12'),
(206, NULL, 'global', NULL, '2016-02-24 19:15:41', '2016-02-24 19:15:41'),
(207, NULL, 'ip', '192.168.1.59', '2016-02-24 19:15:41', '2016-02-24 19:15:41'),
(209, NULL, 'global', NULL, '2016-02-24 19:17:03', '2016-02-24 19:17:03'),
(210, NULL, 'ip', '192.168.1.59', '2016-02-24 19:17:03', '2016-02-24 19:17:03'),
(212, NULL, 'global', NULL, '2016-02-24 19:17:06', '2016-02-24 19:17:06'),
(213, NULL, 'ip', '192.168.1.59', '2016-02-24 19:17:06', '2016-02-24 19:17:06'),
(215, NULL, 'global', NULL, '2016-03-02 16:17:00', '2016-03-02 16:17:00'),
(216, NULL, 'ip', '127.0.0.1', '2016-03-02 16:17:00', '2016-03-02 16:17:00'),
(217, 1, 'user', NULL, '2016-03-02 16:17:00', '2016-03-02 16:17:00'),
(218, NULL, 'global', NULL, '2016-03-28 21:02:49', '2016-03-28 21:02:49'),
(219, NULL, 'ip', '127.0.0.1', '2016-03-28 21:02:49', '2016-03-28 21:02:49'),
(220, NULL, 'global', NULL, '2016-03-28 21:02:56', '2016-03-28 21:02:56'),
(221, NULL, 'ip', '127.0.0.1', '2016-03-28 21:02:56', '2016-03-28 21:02:56'),
(222, 1, 'user', NULL, '2016-03-28 21:02:56', '2016-03-28 21:02:56'),
(223, NULL, 'global', NULL, '2016-03-30 23:07:40', '2016-03-30 23:07:40'),
(224, NULL, 'ip', '::1', '2016-03-30 23:07:41', '2016-03-30 23:07:41'),
(225, NULL, 'global', NULL, '2016-05-02 15:31:37', '2016-05-02 15:31:37'),
(226, NULL, 'ip', '192.168.1.41', '2016-05-02 15:31:37', '2016-05-02 15:31:37'),
(227, NULL, 'global', NULL, '2016-05-02 15:31:40', '2016-05-02 15:31:40'),
(228, NULL, 'ip', '192.168.1.41', '2016-05-02 15:31:40', '2016-05-02 15:31:40'),
(229, NULL, 'global', NULL, '2016-05-02 15:31:43', '2016-05-02 15:31:43'),
(230, NULL, 'ip', '192.168.1.41', '2016-05-02 15:31:43', '2016-05-02 15:31:43'),
(231, NULL, 'global', NULL, '2016-05-02 15:31:49', '2016-05-02 15:31:49'),
(232, NULL, 'ip', '192.168.1.41', '2016-05-02 15:31:49', '2016-05-02 15:31:49'),
(233, NULL, 'global', NULL, '2016-05-02 15:56:12', '2016-05-02 15:56:12'),
(234, NULL, 'ip', '192.168.1.41', '2016-05-02 15:56:12', '2016-05-02 15:56:12'),
(235, NULL, 'global', NULL, '2016-05-02 15:56:40', '2016-05-02 15:56:40'),
(236, NULL, 'ip', '192.168.1.41', '2016-05-02 15:56:40', '2016-05-02 15:56:40'),
(237, NULL, 'global', NULL, '2016-05-02 15:56:58', '2016-05-02 15:56:58'),
(238, NULL, 'ip', '192.168.1.41', '2016-05-02 15:56:58', '2016-05-02 15:56:58'),
(239, NULL, 'global', NULL, '2016-05-02 15:57:01', '2016-05-02 15:57:01'),
(240, NULL, 'ip', '192.168.1.41', '2016-05-02 15:57:01', '2016-05-02 15:57:01'),
(241, NULL, 'global', NULL, '2016-05-02 15:57:07', '2016-05-02 15:57:07'),
(242, NULL, 'ip', '192.168.1.41', '2016-05-02 15:57:07', '2016-05-02 15:57:07'),
(243, NULL, 'global', NULL, '2017-01-16 10:43:01', '2017-01-16 10:43:01'),
(244, NULL, 'ip', '::1', '2017-01-16 10:43:01', '2017-01-16 10:43:01'),
(245, NULL, 'global', NULL, '2017-01-16 11:23:12', '2017-01-16 11:23:12'),
(246, NULL, 'ip', '::1', '2017-01-16 11:23:12', '2017-01-16 11:23:12'),
(248, NULL, 'global', NULL, '2017-01-16 11:23:40', '2017-01-16 11:23:40'),
(249, NULL, 'ip', '::1', '2017-01-16 11:23:40', '2017-01-16 11:23:40'),
(251, NULL, 'global', NULL, '2017-01-19 07:35:37', '2017-01-19 07:35:37'),
(252, NULL, 'ip', '::1', '2017-01-19 07:35:37', '2017-01-19 07:35:37'),
(253, NULL, 'global', NULL, '2017-01-25 18:59:52', '2017-01-25 18:59:52'),
(254, NULL, 'ip', '::1', '2017-01-25 18:59:52', '2017-01-25 18:59:52'),
(255, NULL, 'global', NULL, '2017-04-12 20:25:26', '2017-04-12 20:25:26'),
(256, NULL, 'ip', '112.135.7.121', '2017-04-12 20:25:26', '2017-04-12 20:25:26'),
(257, 9, 'user', NULL, '2017-04-12 20:25:26', '2017-04-12 20:25:26'),
(258, NULL, 'global', NULL, '2017-04-24 17:47:15', '2017-04-24 17:47:15'),
(259, NULL, 'ip', '::1', '2017-04-24 17:47:15', '2017-04-24 17:47:15'),
(260, NULL, 'global', NULL, '2017-04-30 18:23:53', '2017-04-30 18:23:53'),
(261, NULL, 'ip', '123.231.108.3', '2017-04-30 18:23:53', '2017-04-30 18:23:53'),
(262, 9, 'user', NULL, '2017-04-30 18:23:53', '2017-04-30 18:23:53'),
(263, NULL, 'global', NULL, '2017-04-30 18:23:58', '2017-04-30 18:23:58'),
(264, NULL, 'ip', '123.231.108.3', '2017-04-30 18:23:58', '2017-04-30 18:23:58'),
(265, 9, 'user', NULL, '2017-04-30 18:23:58', '2017-04-30 18:23:58'),
(266, NULL, 'global', NULL, '2017-04-30 18:24:05', '2017-04-30 18:24:05'),
(267, NULL, 'ip', '123.231.108.3', '2017-04-30 18:24:05', '2017-04-30 18:24:05'),
(268, 9, 'user', NULL, '2017-04-30 18:24:05', '2017-04-30 18:24:05'),
(269, NULL, 'global', NULL, '2017-04-30 18:24:14', '2017-04-30 18:24:14'),
(270, NULL, 'ip', '123.231.108.3', '2017-04-30 18:24:14', '2017-04-30 18:24:14'),
(271, 9, 'user', NULL, '2017-04-30 18:24:14', '2017-04-30 18:24:14'),
(272, NULL, 'global', NULL, '2017-04-30 18:24:19', '2017-04-30 18:24:19'),
(273, NULL, 'ip', '123.231.108.3', '2017-04-30 18:24:19', '2017-04-30 18:24:19'),
(274, 9, 'user', NULL, '2017-04-30 18:24:19', '2017-04-30 18:24:19'),
(275, NULL, 'global', NULL, '2017-04-30 18:24:24', '2017-04-30 18:24:24'),
(276, NULL, 'ip', '123.231.108.3', '2017-04-30 18:24:24', '2017-04-30 18:24:24'),
(277, 9, 'user', NULL, '2017-04-30 18:24:24', '2017-04-30 18:24:24'),
(278, NULL, 'global', NULL, '2017-08-30 17:57:01', '2017-08-30 17:57:01'),
(279, NULL, 'ip', '113.59.213.196', '2017-08-30 17:57:01', '2017-08-30 17:57:01'),
(280, NULL, 'global', NULL, '2017-09-18 23:02:04', '2017-09-18 23:02:04'),
(281, NULL, 'ip', '::1', '2017-09-18 23:02:04', '2017-09-18 23:02:04'),
(282, NULL, 'global', NULL, '2017-09-26 17:16:17', '2017-09-26 17:16:17'),
(283, NULL, 'ip', '::1', '2017-09-26 17:16:17', '2017-09-26 17:16:17'),
(284, 9, 'user', NULL, '2017-09-26 17:16:17', '2017-09-26 17:16:17'),
(285, NULL, 'global', NULL, '2017-10-18 04:22:42', '2017-10-18 04:22:42'),
(286, NULL, 'ip', '::1', '2017-10-18 04:22:42', '2017-10-18 04:22:42'),
(287, NULL, 'global', NULL, '2018-01-10 03:54:36', '2018-01-10 03:54:36'),
(288, NULL, 'ip', '::1', '2018-01-10 03:54:36', '2018-01-10 03:54:36'),
(289, NULL, 'global', NULL, '2018-02-01 17:24:38', '2018-02-01 17:24:38'),
(290, NULL, 'ip', '::1', '2018-02-01 17:24:38', '2018-02-01 17:24:38'),
(291, 12, 'user', NULL, '2018-02-01 17:24:38', '2018-02-01 17:24:38'),
(292, NULL, 'global', NULL, '2018-02-01 17:24:46', '2018-02-01 17:24:46'),
(293, NULL, 'ip', '::1', '2018-02-01 17:24:46', '2018-02-01 17:24:46'),
(294, 12, 'user', NULL, '2018-02-01 17:24:46', '2018-02-01 17:24:46'),
(295, NULL, 'global', NULL, '2018-02-01 17:25:05', '2018-02-01 17:25:05'),
(296, NULL, 'ip', '::1', '2018-02-01 17:25:05', '2018-02-01 17:25:05'),
(297, 12, 'user', NULL, '2018-02-01 17:25:05', '2018-02-01 17:25:05'),
(298, NULL, 'global', NULL, '2018-02-01 17:26:17', '2018-02-01 17:26:17'),
(299, NULL, 'ip', '::1', '2018-02-01 17:26:17', '2018-02-01 17:26:17'),
(300, 12, 'user', NULL, '2018-02-01 17:26:17', '2018-02-01 17:26:17'),
(301, NULL, 'global', NULL, '2018-02-08 03:53:34', '2018-02-08 03:53:34'),
(302, NULL, 'ip', '::1', '2018-02-08 03:53:34', '2018-02-08 03:53:34'),
(303, 18, 'user', NULL, '2018-02-08 03:53:34', '2018-02-08 03:53:34'),
(304, NULL, 'global', NULL, '2018-02-08 03:58:30', '2018-02-08 03:58:30'),
(305, NULL, 'ip', '::1', '2018-02-08 03:58:30', '2018-02-08 03:58:30'),
(306, 18, 'user', NULL, '2018-02-08 03:58:30', '2018-02-08 03:58:30'),
(307, NULL, 'global', NULL, '2018-02-12 17:18:18', '2018-02-12 17:18:18'),
(308, NULL, 'ip', '::1', '2018-02-12 17:18:18', '2018-02-12 17:18:18'),
(309, NULL, 'global', NULL, '2018-02-14 22:14:29', '2018-02-14 22:14:29'),
(310, NULL, 'ip', '::1', '2018-02-14 22:14:29', '2018-02-14 22:14:29'),
(311, NULL, 'global', NULL, '2018-02-14 22:14:38', '2018-02-14 22:14:38'),
(312, NULL, 'ip', '::1', '2018-02-14 22:14:38', '2018-02-14 22:14:38'),
(313, NULL, 'global', NULL, '2018-02-14 22:15:47', '2018-02-14 22:15:47'),
(314, NULL, 'global', NULL, '2018-02-14 22:15:47', '2018-02-14 22:15:47'),
(315, NULL, 'ip', '::1', '2018-02-14 22:15:47', '2018-02-14 22:15:47'),
(316, NULL, 'ip', '::1', '2018-02-14 22:15:47', '2018-02-14 22:15:47'),
(317, NULL, 'global', NULL, '2018-02-16 04:49:27', '2018-02-16 04:49:27'),
(318, NULL, 'ip', '::1', '2018-02-16 04:49:27', '2018-02-16 04:49:27'),
(319, NULL, 'global', NULL, '2018-02-18 17:44:10', '2018-02-18 17:44:10'),
(320, NULL, 'ip', '::1', '2018-02-18 17:44:10', '2018-02-18 17:44:10'),
(321, NULL, 'global', NULL, '2018-02-18 17:44:16', '2018-02-18 17:44:16'),
(322, NULL, 'ip', '::1', '2018-02-18 17:44:16', '2018-02-18 17:44:16'),
(323, NULL, 'global', NULL, '2018-02-18 17:44:21', '2018-02-18 17:44:21'),
(324, NULL, 'ip', '::1', '2018-02-18 17:44:21', '2018-02-18 17:44:21'),
(325, NULL, 'global', NULL, '2018-02-18 17:44:31', '2018-02-18 17:44:31'),
(326, NULL, 'ip', '::1', '2018-02-18 17:44:31', '2018-02-18 17:44:31'),
(327, NULL, 'global', NULL, '2018-02-18 19:08:25', '2018-02-18 19:08:25'),
(328, NULL, 'ip', '::1', '2018-02-18 19:08:25', '2018-02-18 19:08:25'),
(329, NULL, 'global', NULL, '2018-02-20 06:06:44', '2018-02-20 06:06:44'),
(330, NULL, 'ip', '::1', '2018-02-20 06:06:44', '2018-02-20 06:06:44'),
(331, NULL, 'global', NULL, '2018-02-26 06:11:01', '2018-02-26 06:11:01'),
(332, NULL, 'ip', '::1', '2018-02-26 06:11:01', '2018-02-26 06:11:01'),
(333, NULL, 'global', NULL, '2018-02-26 17:16:57', '2018-02-26 17:16:57'),
(334, NULL, 'ip', '::1', '2018-02-26 17:16:57', '2018-02-26 17:16:57'),
(335, NULL, 'global', NULL, '2018-02-26 17:17:14', '2018-02-26 17:17:14'),
(336, NULL, 'ip', '::1', '2018-02-26 17:17:14', '2018-02-26 17:17:14'),
(337, NULL, 'global', NULL, '2018-02-26 17:17:49', '2018-02-26 17:17:49'),
(338, NULL, 'ip', '::1', '2018-02-26 17:17:49', '2018-02-26 17:17:49'),
(339, NULL, 'global', NULL, '2018-02-26 17:18:00', '2018-02-26 17:18:00'),
(340, NULL, 'ip', '::1', '2018-02-26 17:18:00', '2018-02-26 17:18:00'),
(341, NULL, 'global', NULL, '2018-02-26 17:19:39', '2018-02-26 17:19:39'),
(342, NULL, 'ip', '::1', '2018-02-26 17:19:39', '2018-02-26 17:19:39'),
(343, NULL, 'global', NULL, '2018-02-26 17:23:08', '2018-02-26 17:23:08'),
(344, NULL, 'ip', '::1', '2018-02-26 17:23:08', '2018-02-26 17:23:08'),
(345, NULL, 'global', NULL, '2018-02-26 17:33:13', '2018-02-26 17:33:13'),
(346, NULL, 'ip', '::1', '2018-02-26 17:33:13', '2018-02-26 17:33:13'),
(347, NULL, 'global', NULL, '2018-02-26 17:34:52', '2018-02-26 17:34:52'),
(348, NULL, 'ip', '::1', '2018-02-26 17:34:52', '2018-02-26 17:34:52'),
(349, NULL, 'global', NULL, '2018-02-26 17:38:19', '2018-02-26 17:38:19'),
(350, NULL, 'ip', '::1', '2018-02-26 17:38:19', '2018-02-26 17:38:19'),
(351, NULL, 'global', NULL, '2018-02-26 17:39:22', '2018-02-26 17:39:22'),
(352, NULL, 'ip', '::1', '2018-02-26 17:39:22', '2018-02-26 17:39:22'),
(353, NULL, 'global', NULL, '2018-02-26 17:41:25', '2018-02-26 17:41:25'),
(354, NULL, 'ip', '::1', '2018-02-26 17:41:25', '2018-02-26 17:41:25'),
(355, NULL, 'global', NULL, '2018-02-26 17:42:45', '2018-02-26 17:42:45'),
(356, NULL, 'ip', '::1', '2018-02-26 17:42:45', '2018-02-26 17:42:45'),
(357, NULL, 'global', NULL, '2018-02-26 18:09:05', '2018-02-26 18:09:05'),
(358, NULL, 'ip', '::1', '2018-02-26 18:09:05', '2018-02-26 18:09:05'),
(359, 9, 'user', NULL, '2018-02-26 18:09:05', '2018-02-26 18:09:05'),
(360, NULL, 'global', NULL, '2018-02-26 19:40:30', '2018-02-26 19:40:30'),
(361, NULL, 'ip', '::1', '2018-02-26 19:40:30', '2018-02-26 19:40:30'),
(362, NULL, 'global', NULL, '2018-02-27 02:53:51', '2018-02-27 02:53:51'),
(363, NULL, 'ip', '::1', '2018-02-27 02:53:51', '2018-02-27 02:53:51'),
(364, NULL, 'global', NULL, '2018-02-27 02:54:26', '2018-02-27 02:54:26'),
(365, NULL, 'ip', '::1', '2018-02-27 02:54:26', '2018-02-27 02:54:26'),
(366, NULL, 'global', NULL, '2018-02-27 05:36:07', '2018-02-27 05:36:07'),
(367, NULL, 'ip', '::1', '2018-02-27 05:36:07', '2018-02-27 05:36:07'),
(368, NULL, 'global', NULL, '2018-02-28 17:30:30', '2018-02-28 17:30:30'),
(369, NULL, 'ip', '::1', '2018-02-28 17:30:30', '2018-02-28 17:30:30'),
(370, NULL, 'global', NULL, '2018-03-01 06:39:39', '2018-03-01 06:39:39'),
(371, NULL, 'ip', '::1', '2018-03-01 06:39:39', '2018-03-01 06:39:39'),
(372, NULL, 'global', NULL, '2018-03-01 06:47:32', '2018-03-01 06:47:32'),
(373, NULL, 'ip', '::1', '2018-03-01 06:47:32', '2018-03-01 06:47:32'),
(374, NULL, 'global', NULL, '2018-03-04 23:55:55', '2018-03-04 23:55:55'),
(375, NULL, 'ip', '::1', '2018-03-04 23:55:55', '2018-03-04 23:55:55'),
(376, NULL, 'global', NULL, '2018-03-24 15:00:53', '2018-03-24 15:00:53'),
(377, NULL, 'ip', '::1', '2018-03-24 15:00:53', '2018-03-24 15:00:53'),
(378, 26, 'user', NULL, '2018-03-24 15:00:53', '2018-03-24 15:00:53'),
(379, NULL, 'global', NULL, '2018-05-15 07:09:00', '2018-05-15 07:09:00'),
(380, NULL, 'ip', '::1', '2018-05-15 07:09:01', '2018-05-15 07:09:01'),
(381, NULL, 'global', NULL, '2018-05-15 07:09:12', '2018-05-15 07:09:12'),
(382, NULL, 'ip', '::1', '2018-05-15 07:09:12', '2018-05-15 07:09:12'),
(383, NULL, 'global', NULL, '2018-06-04 05:20:19', '2018-06-04 05:20:19'),
(384, NULL, 'ip', '::1', '2018-06-04 05:20:19', '2018-06-04 05:20:19'),
(385, NULL, 'global', NULL, '2018-07-05 08:49:07', '2018-07-05 08:49:07'),
(386, NULL, 'ip', '::1', '2018-07-05 08:49:07', '2018-07-05 08:49:07'),
(387, NULL, 'global', NULL, '2018-09-15 17:53:04', '2018-09-15 17:53:04'),
(388, NULL, 'ip', '::1', '2018-09-15 17:53:04', '2018-09-15 17:53:04'),
(389, 9, 'user', NULL, '2018-09-15 17:53:04', '2018-09-15 17:53:04'),
(390, NULL, 'global', NULL, '2018-10-30 13:33:20', '2018-10-30 13:33:20'),
(391, NULL, 'ip', '123.231.104.56', '2018-10-30 13:33:20', '2018-10-30 13:33:20'),
(392, NULL, 'global', NULL, '2018-10-30 13:34:52', '2018-10-30 13:34:52'),
(393, NULL, 'ip', '123.231.104.56', '2018-10-30 13:34:52', '2018-10-30 13:34:52'),
(394, NULL, 'global', NULL, '2018-11-05 06:33:57', '2018-11-05 06:33:57'),
(395, NULL, 'ip', '113.59.209.221', '2018-11-05 06:33:57', '2018-11-05 06:33:57'),
(396, NULL, 'global', NULL, '2018-11-05 06:34:29', '2018-11-05 06:34:29'),
(397, NULL, 'ip', '113.59.209.221', '2018-11-05 06:34:29', '2018-11-05 06:34:29'),
(398, 9, 'user', NULL, '2018-11-05 06:34:29', '2018-11-05 06:34:29'),
(399, NULL, 'global', NULL, '2018-11-05 13:42:11', '2018-11-05 13:42:11'),
(400, NULL, 'ip', '68.32.85.226', '2018-11-05 13:42:11', '2018-11-05 13:42:11'),
(401, NULL, 'global', NULL, '2018-11-05 13:43:15', '2018-11-05 13:43:15'),
(402, NULL, 'ip', '68.32.85.226', '2018-11-05 13:43:15', '2018-11-05 13:43:15'),
(403, NULL, 'global', NULL, '2018-11-06 05:11:21', '2018-11-06 05:11:21'),
(404, NULL, 'ip', '112.135.11.114', '2018-11-06 05:11:21', '2018-11-06 05:11:21'),
(405, NULL, 'global', NULL, '2018-11-06 05:14:55', '2018-11-06 05:14:55'),
(406, NULL, 'ip', '112.135.11.114', '2018-11-06 05:14:55', '2018-11-06 05:14:55'),
(407, 9, 'user', NULL, '2018-11-06 05:14:55', '2018-11-06 05:14:55'),
(408, NULL, 'global', NULL, '2018-11-07 18:52:00', '2018-11-07 18:52:00'),
(409, NULL, 'ip', '112.135.11.238', '2018-11-07 18:52:00', '2018-11-07 18:52:00'),
(410, NULL, 'global', NULL, '2018-11-07 18:52:55', '2018-11-07 18:52:55'),
(411, NULL, 'ip', '112.135.11.238', '2018-11-07 18:52:55', '2018-11-07 18:52:55'),
(412, NULL, 'global', NULL, '2018-11-07 18:53:44', '2018-11-07 18:53:44'),
(413, NULL, 'ip', '112.135.11.238', '2018-11-07 18:53:44', '2018-11-07 18:53:44');

-- --------------------------------------------------------

--
-- Table structure for table `users`
--

CREATE TABLE `users` (
  `id` int(10) UNSIGNED NOT NULL,
  `fb_id` text COLLATE utf8_unicode_ci NOT NULL,
  `g_id` text COLLATE utf8_unicode_ci NOT NULL,
  `first_name` varchar(255) COLLATE utf8_unicode_ci DEFAULT NULL,
  `last_name` varchar(255) COLLATE utf8_unicode_ci DEFAULT NULL,
  `username` varchar(255) COLLATE utf8_unicode_ci DEFAULT NULL,
  `email` varchar(255) COLLATE utf8_unicode_ci NOT NULL,
  `mobile` text COLLATE utf8_unicode_ci,
  `branch` int(11) NOT NULL,
  `password` varchar(255) COLLATE utf8_unicode_ci NOT NULL,
  `permissions` text COLLATE utf8_unicode_ci,
  `last_login` timestamp NULL DEFAULT NULL,
  `supervisor_id` int(25) DEFAULT NULL,
  `lft` int(25) DEFAULT NULL,
  `rgt` int(25) DEFAULT NULL,
  `depth` int(10) DEFAULT NULL,
  `status` tinyint(1) DEFAULT NULL,
  `created_at` timestamp NULL DEFAULT NULL,
  `updated_at` timestamp NULL DEFAULT NULL,
  `avatar_path` text COLLATE utf8_unicode_ci,
  `avatar` text COLLATE utf8_unicode_ci,
  `varifyToken` varchar(200) COLLATE utf8_unicode_ci DEFAULT NULL,
  `regStatus` tinyint(1) NOT NULL DEFAULT '0'
) ENGINE=InnoDB DEFAULT CHARSET=utf8 COLLATE=utf8_unicode_ci;

--
-- Dumping data for table `users`
--

INSERT INTO `users` (`id`, `fb_id`, `g_id`, `first_name`, `last_name`, `username`, `email`, `mobile`, `branch`, `password`, `permissions`, `last_login`, `supervisor_id`, `lft`, `rgt`, `depth`, `status`, `created_at`, `updated_at`, `avatar_path`, `avatar`, `varifyToken`, `regStatus`) VALUES
(1, '', '', 'Super', 'Administrator', 'super.admin', 'admin@admin.lk', NULL, 0, '$2y$10$vJ0/.9l8qByoN/ZFJlzew.U3SUrYnsI6QoPezSfeo9qDQYLJSjC/O', '{\"admin\":true,\"index\":true}', '2018-11-05 20:18:01', NULL, 7, 16, 0, 1, '2015-07-11 17:39:31', '2018-11-06 05:17:14', NULL, NULL, NULL, 1),
(9, '', '', 'SDC', 'Developer', 'developer', 'developer@admin.com', '123456', 1, '$2y$10$ijimT7X0fQADncEnlwgRZelKPlCoLE81YVjgQlX25F64Ulf5JHiaG', NULL, '2018-12-01 06:38:04', 1, 12, 13, 1, 1, '2017-01-23 19:35:38', '2018-12-01 06:38:04', NULL, NULL, NULL, 1),
(39, '', '108831515602435928890', 'Dinusha', 'Mahanama', 'mahanamadinusha@gmail.com', 'mahanamadinusha@gmail.com', NULL, 0, '$2y$10$991dmkONOziPXyBvpAMybOYsvFXBVgr80j2iyoclsYEU0TdIGkv6a', NULL, '2018-11-05 07:21:55', NULL, 25, 26, 0, NULL, '2018-11-05 07:21:55', '2018-11-06 05:17:14', NULL, NULL, NULL, 0),
(40, '', '', 'SDC', 'ADMIN', 'sdc.admin', '', NULL, 1, '$2y$10$vyFlWVPXsNScHfokbwlO6ODIr0NJJAeu25oZ54alsssvRUrq6nq7y', NULL, '2018-12-01 02:22:49', 1, 14, 15, 1, 1, '2018-11-06 05:17:14', '2018-12-01 02:22:49', NULL, NULL, NULL, 1),
(48, '', '', 'Lakshitha', 'Hettiarachchi', 'rullzzmm@gmail.com', 'rullzzmm@gmail.com', NULL, 0, '$2y$10$Zty582YLDDSrIY1C1ClPoeM0Bhd2Cfdzw/JvGWPP9motFD1pK/JtW', NULL, '2018-11-22 01:10:32', NULL, 27, 28, 0, NULL, '2018-11-22 01:10:32', '2018-11-22 01:10:32', 'uploads/images/user', '', 'jtxN79xNN9uCSWOahSmfmPDJSrEGNBWVLxi7zO0A', 0);

-- --------------------------------------------------------

--
-- Table structure for table `users_groups`
--

CREATE TABLE `users_groups` (
  `user_id` int(10) UNSIGNED NOT NULL,
  `group_id` int(10) UNSIGNED NOT NULL,
  `sbu_id` int(11) NOT NULL,
  `created_at` timestamp NULL DEFAULT NULL,
  `updated_at` timestamp NULL DEFAULT NULL
) ENGINE=InnoDB DEFAULT CHARSET=utf8 COLLATE=utf8_unicode_ci;

--
-- Dumping data for table `users_groups`
--

INSERT INTO `users_groups` (`user_id`, `group_id`, `sbu_id`, `created_at`, `updated_at`) VALUES
(2, 2, 1, '2016-03-23 20:33:10', '2016-03-23 20:33:10'),
(3, 3, 2, '2016-03-23 20:56:12', '2016-03-23 20:56:12');

--
-- Indexes for dumped tables
--

--
-- Indexes for table `activations`
--
ALTER TABLE `activations`
  ADD PRIMARY KEY (`id`);

--
-- Indexes for table `animation_type`
--
ALTER TABLE `animation_type`
  ADD PRIMARY KEY (`animation_type_id`),
  ADD UNIQUE KEY `animation_type_id` (`animation_type_id`);

--
-- Indexes for table `cake_type`
--
ALTER TABLE `cake_type`
  ADD PRIMARY KEY (`cake_type_id`);

--
-- Indexes for table `config`
--
ALTER TABLE `config`
  ADD PRIMARY KEY (`id`);

--
-- Indexes for table `countries`
--
ALTER TABLE `countries`
  ADD PRIMARY KEY (`id`);

--
-- Indexes for table `coupons`
--
ALTER TABLE `coupons`
  ADD PRIMARY KEY (`id`);

--
-- Indexes for table `coupon_items`
--
ALTER TABLE `coupon_items`
  ADD PRIMARY KEY (`id`);

--
-- Indexes for table `fonts-list`
--
ALTER TABLE `fonts-list`
  ADD PRIMARY KEY (`id`);

--
-- Indexes for table `groups`
--
ALTER TABLE `groups`
  ADD PRIMARY KEY (`id`),
  ADD UNIQUE KEY `groups_name_unique` (`name`);

--
-- Indexes for table `permissions`
--
ALTER TABLE `permissions`
  ADD PRIMARY KEY (`id`);

--
-- Indexes for table `persistences`
--
ALTER TABLE `persistences`
  ADD PRIMARY KEY (`id`),
  ADD UNIQUE KEY `persistences_code_unique` (`code`);

--
-- Indexes for table `private_class_registation`
--
ALTER TABLE `private_class_registation`
  ADD PRIMARY KEY (`id`);

--
-- Indexes for table `publication`
--
ALTER TABLE `publication`
  ADD PRIMARY KEY (`publication_id`),
  ADD UNIQUE KEY `publication_id` (`publication_id`);

--
-- Indexes for table `quote`
--
ALTER TABLE `quote`
  ADD PRIMARY KEY (`quote_id`);

--
-- Indexes for table `recipe`
--
ALTER TABLE `recipe`
  ADD PRIMARY KEY (`recipe_id`);

--
-- Indexes for table `recipes_category`
--
ALTER TABLE `recipes_category`
  ADD PRIMARY KEY (`recipes_category_id`);

--
-- Indexes for table `recipe_categories`
--
ALTER TABLE `recipe_categories`
  ADD PRIMARY KEY (`id`);

--
-- Indexes for table `recipe_photo`
--
ALTER TABLE `recipe_photo`
  ADD PRIMARY KEY (`recipe_photo_id`);

--
-- Indexes for table `reminders`
--
ALTER TABLE `reminders`
  ADD PRIMARY KEY (`id`);

--
-- Indexes for table `roles`
--
ALTER TABLE `roles`
  ADD PRIMARY KEY (`id`),
  ADD UNIQUE KEY `roles_slug_unique` (`slug`);

--
-- Indexes for table `role_users`
--
ALTER TABLE `role_users`
  ADD PRIMARY KEY (`user_id`,`role_id`);

--
-- Indexes for table `sa_billing_detail`
--
ALTER TABLE `sa_billing_detail`
  ADD PRIMARY KEY (`id`);

--
-- Indexes for table `sa_blog`
--
ALTER TABLE `sa_blog`
  ADD PRIMARY KEY (`id`);

--
-- Indexes for table `sa_blog_image`
--
ALTER TABLE `sa_blog_image`
  ADD PRIMARY KEY (`id`);

--
-- Indexes for table `sa_branch`
--
ALTER TABLE `sa_branch`
  ADD PRIMARY KEY (`id`);

--
-- Indexes for table `sa_comment`
--
ALTER TABLE `sa_comment`
  ADD PRIMARY KEY (`id`);

--
-- Indexes for table `sa_country`
--
ALTER TABLE `sa_country`
  ADD PRIMARY KEY (`id`);

--
-- Indexes for table `sa_gallery`
--
ALTER TABLE `sa_gallery`
  ADD PRIMARY KEY (`id`);

--
-- Indexes for table `sa_gallery_category`
--
ALTER TABLE `sa_gallery_category`
  ADD PRIMARY KEY (`id`);

--
-- Indexes for table `sa_gallery_image`
--
ALTER TABLE `sa_gallery_image`
  ADD PRIMARY KEY (`id`);

--
-- Indexes for table `sa_last_shipping`
--
ALTER TABLE `sa_last_shipping`
  ADD PRIMARY KEY (`id`);

--
-- Indexes for table `sa_news`
--
ALTER TABLE `sa_news`
  ADD PRIMARY KEY (`id`);

--
-- Indexes for table `sa_news_image`
--
ALTER TABLE `sa_news_image`
  ADD PRIMARY KEY (`id`);

--
-- Indexes for table `sa_pages`
--
ALTER TABLE `sa_pages`
  ADD PRIMARY KEY (`id`);

--
-- Indexes for table `sa_paypal_transaction`
--
ALTER TABLE `sa_paypal_transaction`
  ADD PRIMARY KEY (`id`);

--
-- Indexes for table `sa_privateclass_category`
--
ALTER TABLE `sa_privateclass_category`
  ADD PRIMARY KEY (`id`);

--
-- Indexes for table `sa_privateclass_image`
--
ALTER TABLE `sa_privateclass_image`
  ADD PRIMARY KEY (`id`);

--
-- Indexes for table `sa_privateclass_skill_level`
--
ALTER TABLE `sa_privateclass_skill_level`
  ADD PRIMARY KEY (`id`);

--
-- Indexes for table `sa_privateclass_type`
--
ALTER TABLE `sa_privateclass_type`
  ADD PRIMARY KEY (`id`);

--
-- Indexes for table `sa_private_class`
--
ALTER TABLE `sa_private_class`
  ADD PRIMARY KEY (`id`);

--
-- Indexes for table `sa_privetclass_date_time`
--
ALTER TABLE `sa_privetclass_date_time`
  ADD PRIMARY KEY (`id`),
  ADD UNIQUE KEY `sa_privetclass_date_time_id_unique` (`id`);

--
-- Indexes for table `sa_product`
--
ALTER TABLE `sa_product`
  ADD PRIMARY KEY (`id`);

--
-- Indexes for table `sa_productcreation`
--
ALTER TABLE `sa_productcreation`
  ADD PRIMARY KEY (`id`);

--
-- Indexes for table `sa_productcreation_category`
--
ALTER TABLE `sa_productcreation_category`
  ADD PRIMARY KEY (`id`);

--
-- Indexes for table `sa_productcreation_image`
--
ALTER TABLE `sa_productcreation_image`
  ADD PRIMARY KEY (`id`);

--
-- Indexes for table `sa_product_feature`
--
ALTER TABLE `sa_product_feature`
  ADD PRIMARY KEY (`id`);

--
-- Indexes for table `sa_product_has_category_many`
--
ALTER TABLE `sa_product_has_category_many`
  ADD PRIMARY KEY (`id`);

--
-- Indexes for table `sa_product_image`
--
ALTER TABLE `sa_product_image`
  ADD PRIMARY KEY (`id`);

--
-- Indexes for table `sa_purchase`
--
ALTER TABLE `sa_purchase`
  ADD PRIMARY KEY (`id`);

--
-- Indexes for table `sa_purchase_item`
--
ALTER TABLE `sa_purchase_item`
  ADD PRIMARY KEY (`id`);

--
-- Indexes for table `sa_rating`
--
ALTER TABLE `sa_rating`
  ADD PRIMARY KEY (`id`),
  ADD UNIQUE KEY `sa_rating_id_unique` (`id`);

--
-- Indexes for table `sa_shipping_method`
--
ALTER TABLE `sa_shipping_method`
  ADD PRIMARY KEY (`id`);

--
-- Indexes for table `sa_shopping_cart`
--
ALTER TABLE `sa_shopping_cart`
  ADD PRIMARY KEY (`id`);

--
-- Indexes for table `sa_sort_type`
--
ALTER TABLE `sa_sort_type`
  ADD PRIMARY KEY (`id`);

--
-- Indexes for table `sa_tasting_people_type`
--
ALTER TABLE `sa_tasting_people_type`
  ADD PRIMARY KEY (`id`);

--
-- Indexes for table `sa_terms_of_service`
--
ALTER TABLE `sa_terms_of_service`
  ADD PRIMARY KEY (`ftygf`);

--
-- Indexes for table `sa_usps_mail_type`
--
ALTER TABLE `sa_usps_mail_type`
  ADD PRIMARY KEY (`id`);

--
-- Indexes for table `sa_usps_service_type`
--
ALTER TABLE `sa_usps_service_type`
  ADD PRIMARY KEY (`id`);

--
-- Indexes for table `sa_usps_size`
--
ALTER TABLE `sa_usps_size`
  ADD PRIMARY KEY (`id`);

--
-- Indexes for table `slides`
--
ALTER TABLE `slides`
  ADD PRIMARY KEY (`slides_id`),
  ADD UNIQUE KEY `slides_id` (`slides_id`);

--
-- Indexes for table `tasting`
--
ALTER TABLE `tasting`
  ADD PRIMARY KEY (`id`);

--
-- Indexes for table `testimonials`
--
ALTER TABLE `testimonials`
  ADD PRIMARY KEY (`testimonials_id`);

--
-- Indexes for table `throttle`
--
ALTER TABLE `throttle`
  ADD PRIMARY KEY (`id`),
  ADD KEY `throttle_user_id_index` (`user_id`);

--
-- Indexes for table `users`
--
ALTER TABLE `users`
  ADD PRIMARY KEY (`id`),
  ADD UNIQUE KEY `users_email_unique` (`email`);

--
-- Indexes for table `users_groups`
--
ALTER TABLE `users_groups`
  ADD PRIMARY KEY (`user_id`,`group_id`);

--
-- AUTO_INCREMENT for dumped tables
--

--
-- AUTO_INCREMENT for table `activations`
--
ALTER TABLE `activations`
  MODIFY `id` int(10) UNSIGNED NOT NULL AUTO_INCREMENT, AUTO_INCREMENT=45;

--
-- AUTO_INCREMENT for table `animation_type`
--
ALTER TABLE `animation_type`
  MODIFY `animation_type_id` int(11) NOT NULL AUTO_INCREMENT, AUTO_INCREMENT=5;

--
-- AUTO_INCREMENT for table `cake_type`
--
ALTER TABLE `cake_type`
  MODIFY `cake_type_id` int(11) NOT NULL AUTO_INCREMENT, AUTO_INCREMENT=4;

--
-- AUTO_INCREMENT for table `config`
--
ALTER TABLE `config`
  MODIFY `id` int(11) NOT NULL AUTO_INCREMENT, AUTO_INCREMENT=2;

--
-- AUTO_INCREMENT for table `countries`
--
ALTER TABLE `countries`
  MODIFY `id` int(10) UNSIGNED NOT NULL AUTO_INCREMENT, AUTO_INCREMENT=4;

--
-- AUTO_INCREMENT for table `coupons`
--
ALTER TABLE `coupons`
  MODIFY `id` int(11) NOT NULL AUTO_INCREMENT;

--
-- AUTO_INCREMENT for table `coupon_items`
--
ALTER TABLE `coupon_items`
  MODIFY `id` int(10) UNSIGNED NOT NULL AUTO_INCREMENT;

--
-- AUTO_INCREMENT for table `fonts-list`
--
ALTER TABLE `fonts-list`
  MODIFY `id` int(15) NOT NULL AUTO_INCREMENT, AUTO_INCREMENT=594;

--
-- AUTO_INCREMENT for table `groups`
--
ALTER TABLE `groups`
  MODIFY `id` int(10) UNSIGNED NOT NULL AUTO_INCREMENT, AUTO_INCREMENT=4;

--
-- AUTO_INCREMENT for table `permissions`
--
ALTER TABLE `permissions`
  MODIFY `id` int(10) UNSIGNED NOT NULL AUTO_INCREMENT, AUTO_INCREMENT=53;

--
-- AUTO_INCREMENT for table `persistences`
--
ALTER TABLE `persistences`
  MODIFY `id` int(10) UNSIGNED NOT NULL AUTO_INCREMENT, AUTO_INCREMENT=903;

--
-- AUTO_INCREMENT for table `private_class_registation`
--
ALTER TABLE `private_class_registation`
  MODIFY `id` int(11) NOT NULL AUTO_INCREMENT;

--
-- AUTO_INCREMENT for table `publication`
--
ALTER TABLE `publication`
  MODIFY `publication_id` int(11) NOT NULL AUTO_INCREMENT, AUTO_INCREMENT=7;

--
-- AUTO_INCREMENT for table `quote`
--
ALTER TABLE `quote`
  MODIFY `quote_id` int(11) NOT NULL AUTO_INCREMENT, AUTO_INCREMENT=4;

--
-- AUTO_INCREMENT for table `recipe`
--
ALTER TABLE `recipe`
  MODIFY `recipe_id` int(11) NOT NULL AUTO_INCREMENT, AUTO_INCREMENT=6;

--
-- AUTO_INCREMENT for table `recipes_category`
--
ALTER TABLE `recipes_category`
  MODIFY `recipes_category_id` int(11) NOT NULL AUTO_INCREMENT, AUTO_INCREMENT=8;

--
-- AUTO_INCREMENT for table `recipe_categories`
--
ALTER TABLE `recipe_categories`
  MODIFY `id` int(10) UNSIGNED NOT NULL AUTO_INCREMENT, AUTO_INCREMENT=18;

--
-- AUTO_INCREMENT for table `recipe_photo`
--
ALTER TABLE `recipe_photo`
  MODIFY `recipe_photo_id` int(11) NOT NULL AUTO_INCREMENT, AUTO_INCREMENT=3;

--
-- AUTO_INCREMENT for table `reminders`
--
ALTER TABLE `reminders`
  MODIFY `id` int(10) UNSIGNED NOT NULL AUTO_INCREMENT;

--
-- AUTO_INCREMENT for table `roles`
--
ALTER TABLE `roles`
  MODIFY `id` int(10) UNSIGNED NOT NULL AUTO_INCREMENT, AUTO_INCREMENT=4;

--
-- AUTO_INCREMENT for table `sa_billing_detail`
--
ALTER TABLE `sa_billing_detail`
  MODIFY `id` int(11) NOT NULL AUTO_INCREMENT, AUTO_INCREMENT=2;

--
-- AUTO_INCREMENT for table `sa_blog`
--
ALTER TABLE `sa_blog`
  MODIFY `id` int(11) NOT NULL AUTO_INCREMENT, AUTO_INCREMENT=5;

--
-- AUTO_INCREMENT for table `sa_blog_image`
--
ALTER TABLE `sa_blog_image`
  MODIFY `id` int(11) NOT NULL AUTO_INCREMENT, AUTO_INCREMENT=12;

--
-- AUTO_INCREMENT for table `sa_branch`
--
ALTER TABLE `sa_branch`
  MODIFY `id` int(11) NOT NULL AUTO_INCREMENT, AUTO_INCREMENT=3;

--
-- AUTO_INCREMENT for table `sa_comment`
--
ALTER TABLE `sa_comment`
  MODIFY `id` int(10) UNSIGNED NOT NULL AUTO_INCREMENT, AUTO_INCREMENT=4;

--
-- AUTO_INCREMENT for table `sa_country`
--
ALTER TABLE `sa_country`
  MODIFY `id` int(11) NOT NULL AUTO_INCREMENT, AUTO_INCREMENT=5;

--
-- AUTO_INCREMENT for table `sa_gallery`
--
ALTER TABLE `sa_gallery`
  MODIFY `id` int(11) NOT NULL AUTO_INCREMENT, AUTO_INCREMENT=9;

--
-- AUTO_INCREMENT for table `sa_gallery_category`
--
ALTER TABLE `sa_gallery_category`
  MODIFY `id` int(11) NOT NULL AUTO_INCREMENT, AUTO_INCREMENT=5;

--
-- AUTO_INCREMENT for table `sa_gallery_image`
--
ALTER TABLE `sa_gallery_image`
  MODIFY `id` int(11) NOT NULL AUTO_INCREMENT, AUTO_INCREMENT=26;

--
-- AUTO_INCREMENT for table `sa_last_shipping`
--
ALTER TABLE `sa_last_shipping`
  MODIFY `id` int(11) NOT NULL AUTO_INCREMENT, AUTO_INCREMENT=2;

--
-- AUTO_INCREMENT for table `sa_news`
--
ALTER TABLE `sa_news`
  MODIFY `id` int(11) NOT NULL AUTO_INCREMENT, AUTO_INCREMENT=11;

--
-- AUTO_INCREMENT for table `sa_news_image`
--
ALTER TABLE `sa_news_image`
  MODIFY `id` int(11) NOT NULL AUTO_INCREMENT, AUTO_INCREMENT=21;

--
-- AUTO_INCREMENT for table `sa_pages`
--
ALTER TABLE `sa_pages`
  MODIFY `id` int(11) NOT NULL AUTO_INCREMENT;

--
-- AUTO_INCREMENT for table `sa_paypal_transaction`
--
ALTER TABLE `sa_paypal_transaction`
  MODIFY `id` int(11) NOT NULL AUTO_INCREMENT;

--
-- AUTO_INCREMENT for table `sa_privateclass_category`
--
ALTER TABLE `sa_privateclass_category`
  MODIFY `id` int(11) NOT NULL AUTO_INCREMENT, AUTO_INCREMENT=3;

--
-- AUTO_INCREMENT for table `sa_privateclass_image`
--
ALTER TABLE `sa_privateclass_image`
  MODIFY `id` int(11) NOT NULL AUTO_INCREMENT, AUTO_INCREMENT=3;

--
-- AUTO_INCREMENT for table `sa_privateclass_skill_level`
--
ALTER TABLE `sa_privateclass_skill_level`
  MODIFY `id` int(11) NOT NULL AUTO_INCREMENT, AUTO_INCREMENT=5;

--
-- AUTO_INCREMENT for table `sa_privateclass_type`
--
ALTER TABLE `sa_privateclass_type`
  MODIFY `id` int(11) NOT NULL AUTO_INCREMENT;

--
-- AUTO_INCREMENT for table `sa_private_class`
--
ALTER TABLE `sa_private_class`
  MODIFY `id` int(11) NOT NULL AUTO_INCREMENT;

--
-- AUTO_INCREMENT for table `sa_privetclass_date_time`
--
ALTER TABLE `sa_privetclass_date_time`
  MODIFY `id` int(10) UNSIGNED NOT NULL AUTO_INCREMENT, AUTO_INCREMENT=3;

--
-- AUTO_INCREMENT for table `sa_product`
--
ALTER TABLE `sa_product`
  MODIFY `id` int(11) NOT NULL AUTO_INCREMENT;

--
-- AUTO_INCREMENT for table `sa_productcreation`
--
ALTER TABLE `sa_productcreation`
  MODIFY `id` int(11) NOT NULL AUTO_INCREMENT, AUTO_INCREMENT=5;

--
-- AUTO_INCREMENT for table `sa_productcreation_category`
--
ALTER TABLE `sa_productcreation_category`
  MODIFY `id` int(11) NOT NULL AUTO_INCREMENT, AUTO_INCREMENT=5;

--
-- AUTO_INCREMENT for table `sa_productcreation_image`
--
ALTER TABLE `sa_productcreation_image`
  MODIFY `id` int(11) NOT NULL AUTO_INCREMENT, AUTO_INCREMENT=17;

--
-- AUTO_INCREMENT for table `sa_product_feature`
--
ALTER TABLE `sa_product_feature`
  MODIFY `id` int(11) NOT NULL AUTO_INCREMENT;

--
-- AUTO_INCREMENT for table `sa_product_has_category_many`
--
ALTER TABLE `sa_product_has_category_many`
  MODIFY `id` int(11) NOT NULL AUTO_INCREMENT, AUTO_INCREMENT=21;

--
-- AUTO_INCREMENT for table `sa_product_image`
--
ALTER TABLE `sa_product_image`
  MODIFY `id` int(11) NOT NULL AUTO_INCREMENT;

--
-- AUTO_INCREMENT for table `sa_purchase`
--
ALTER TABLE `sa_purchase`
  MODIFY `id` int(11) NOT NULL AUTO_INCREMENT;

--
-- AUTO_INCREMENT for table `sa_purchase_item`
--
ALTER TABLE `sa_purchase_item`
  MODIFY `id` int(11) NOT NULL AUTO_INCREMENT;

--
-- AUTO_INCREMENT for table `sa_rating`
--
ALTER TABLE `sa_rating`
  MODIFY `id` int(10) UNSIGNED NOT NULL AUTO_INCREMENT, AUTO_INCREMENT=5;

--
-- AUTO_INCREMENT for table `sa_shipping_method`
--
ALTER TABLE `sa_shipping_method`
  MODIFY `id` int(11) NOT NULL AUTO_INCREMENT, AUTO_INCREMENT=5;

--
-- AUTO_INCREMENT for table `sa_shopping_cart`
--
ALTER TABLE `sa_shopping_cart`
  MODIFY `id` int(11) NOT NULL AUTO_INCREMENT, AUTO_INCREMENT=9;

--
-- AUTO_INCREMENT for table `sa_sort_type`
--
ALTER TABLE `sa_sort_type`
  MODIFY `id` int(11) NOT NULL AUTO_INCREMENT, AUTO_INCREMENT=6;

--
-- AUTO_INCREMENT for table `sa_tasting_people_type`
--
ALTER TABLE `sa_tasting_people_type`
  MODIFY `id` int(11) NOT NULL AUTO_INCREMENT, AUTO_INCREMENT=4;

--
-- AUTO_INCREMENT for table `sa_terms_of_service`
--
ALTER TABLE `sa_terms_of_service`
  MODIFY `ftygf` int(11) NOT NULL AUTO_INCREMENT, AUTO_INCREMENT=2;

--
-- AUTO_INCREMENT for table `sa_usps_mail_type`
--
ALTER TABLE `sa_usps_mail_type`
  MODIFY `id` int(11) NOT NULL AUTO_INCREMENT, AUTO_INCREMENT=6;

--
-- AUTO_INCREMENT for table `sa_usps_service_type`
--
ALTER TABLE `sa_usps_service_type`
  MODIFY `id` int(11) NOT NULL AUTO_INCREMENT, AUTO_INCREMENT=16;

--
-- AUTO_INCREMENT for table `sa_usps_size`
--
ALTER TABLE `sa_usps_size`
  MODIFY `id` int(11) NOT NULL AUTO_INCREMENT, AUTO_INCREMENT=3;

--
-- AUTO_INCREMENT for table `slides`
--
ALTER TABLE `slides`
  MODIFY `slides_id` int(10) UNSIGNED NOT NULL AUTO_INCREMENT, AUTO_INCREMENT=4;

--
-- AUTO_INCREMENT for table `tasting`
--
ALTER TABLE `tasting`
  MODIFY `id` int(11) NOT NULL AUTO_INCREMENT, AUTO_INCREMENT=5;

--
-- AUTO_INCREMENT for table `testimonials`
--
ALTER TABLE `testimonials`
  MODIFY `testimonials_id` int(11) NOT NULL AUTO_INCREMENT, AUTO_INCREMENT=6;

--
-- AUTO_INCREMENT for table `throttle`
--
ALTER TABLE `throttle`
  MODIFY `id` int(10) UNSIGNED NOT NULL AUTO_INCREMENT, AUTO_INCREMENT=414;

--
-- AUTO_INCREMENT for table `users`
--
ALTER TABLE `users`
  MODIFY `id` int(10) UNSIGNED NOT NULL AUTO_INCREMENT, AUTO_INCREMENT=49;
COMMIT;

/*!40101 SET CHARACTER_SET_CLIENT=@OLD_CHARACTER_SET_CLIENT */;
/*!40101 SET CHARACTER_SET_RESULTS=@OLD_CHARACTER_SET_RESULTS */;
/*!40101 SET COLLATION_CONNECTION=@OLD_COLLATION_CONNECTION */;
